,post_id,post_title,post_content,gender,like_count,comment_count,created_at,updated_at,alias,url,source,type,clean_txt,token,no_stop,keywords,sentiment
0,235065017,竹東生活 人生地不熟,"慢性病  定期回診抽血
 需要穩定醫療

看到最大的醫院是 。台大 跟 榮總 還是??
竹東旁邊是竹科
請問 新竹  竹科人生病要往哪裡看醫生

新竹市的國泰  台大 馬偕
會不會比較好
完全沒概念....

請竹東人 新竹人回答",F,3,1,2020-12-28T03:58:32.857Z,2020-12-28T03:58:32.857Z,hsinchu,https://www.dcard.tw/f/hsinchu/p/235065017,dcard,post,慢性病定期回診抽血需要穩定醫療看到最大的醫院是台大跟榮總還是竹東旁邊是竹科請問新竹竹科人生病要往哪裡看醫生新竹市的國泰台大馬偕會不會比較好完全沒概念請竹東人新竹人回答,"['慢性病', '定期', '回診抽血', '需要', '穩定', '醫療', '看到', '最', '大', '的', '醫院', '是', '台大', '跟', '榮總', '還是', '竹東', '旁邊', '是', '竹科', '請問', '新竹', '竹科', '人', '生病', '要', '往', '哪裡', '看醫生', '新竹市', '的', '國泰', '台大', '馬偕', '會不會', '比較', '好', '完全', '沒', '概念', '請', '竹東人', '新竹人', '回答']","['慢性病', '定期', '回診抽血', '需要', '穩定', '醫療', '看到', '最', '醫院', '台大', '榮總', '竹東', '旁邊', '竹科', '請問', '新竹', '竹科', '人', '生病', '哪裡', '看醫生', '新竹市', '國泰', '台大', '馬偕', '會不會', '比較', '好', '完全', '概念', '請', '竹東人', '新竹人', '回答']",[],negative
1,235062843,#其他 光療指甲,"幫朋友問
請問新竹 竹北 等等地區
哪裡有單卸光療指甲服務
因原本那間價錢有點高，想上來詢問看看
謝謝",F,1,2,2020-12-27T16:19:08.621Z,2020-12-27T16:19:26.057Z,hsinchu,https://www.dcard.tw/f/hsinchu/p/235062843,dcard,post,幫朋友問請問新竹竹北等等地區哪裡有單卸光療指甲服務因原本那間價錢有點高想上來詢問看看謝謝,"['幫', '朋友', '問', '請問', '新竹', '竹北', '等等', '地區', '哪裡', '有', '單卸光療', '指甲', '服務', '因', '原本', '那', '間', '價錢', '有點', '高', '想', '上來', '詢問', '看看', '謝謝']","['幫', '朋友', '問', '請問', '新竹', '竹北', '地區', '哪裡', '單卸光療', '指甲', '服務', '原本', '間', '價錢', '有點', '高', '想', '詢問', '看看', '謝謝']",[],positive
2,235061507,#閒聊 新竹車站前的消防車,有人知道新竹車站前面的路易莎為什麼有這麼多消防車嗎？,M,6,5,2020-12-27T13:25:50.712Z,2020-12-27T13:25:50.712Z,hsinchu,https://www.dcard.tw/f/hsinchu/p/235061507,dcard,post,有人知道新竹車站前面的路易莎為什麼有這麼多消防車嗎,"['有', '人', '知道', '新竹', '車站', '前面', '的', '路易莎', '為什麼', '有', '這麼多', '消防車', '嗎']","['人', '知道', '新竹', '車站', '前面', '路易莎', '這麼多', '消防車']",[],positive
3,235058998,泡湯,"想問一下喔 
新竹這邊哪裡有大眾池溫泉 裸湯 之類可以泡的溫泉
住台北一堆 不知道新竹哪裡有
跨年會去新竹跨 希望可以給我一些資訊🙏",M,4,1,2020-12-27T05:10:08.631Z,2020-12-27T05:10:08.631Z,hsinchu,https://www.dcard.tw/f/hsinchu/p/235058998,dcard,post,想問一下喔新竹這邊哪裡有大眾池溫泉裸湯之類可以泡的溫泉住台北一堆不知道新竹哪裡有跨年會去新竹跨希望可以給我一些資訊,"['想', '問', '一下', '喔', '新竹', '這邊', '哪裡', '有', '大眾', '池', '溫泉', '裸湯', '之類', '可以', '泡', '的', '溫泉', '住', '台北', '一', '堆', '不', '知道', '新竹', '哪裡', '有', '跨年', '會', '去', '新竹', '跨', '希望', '可以', '給', '我', '一些', '資訊']","['想', '問', '一下', '新竹', '哪裡', '大眾', '池', '溫泉', '裸湯', '泡', '溫泉', '住', '台北', '堆', '知道', '新竹', '哪裡', '跨年', '新竹', '跨', '希望', '一些', '資訊']",[],positive
4,235058848,#其他 新竹縣跨年,"今年終於新竹縣有跨年了
可惜沒人約想問有沒有人要一起去

提醒大家跨年要實名制 
https://docs.google.com/forms/d/1RmsmD66sl64MfGVkRgyv08ruXoxMWN18OfeEGNA7OvI/viewform?edit_requested=true",F,15,4,2020-12-27T04:37:26.953Z,2020-12-27T04:37:26.953Z,hsinchu,https://www.dcard.tw/f/hsinchu/p/235058848,dcard,post,今年終於新竹縣有跨年了可惜沒人約想問有沒有人要一起去提醒大家跨年要實名制,"['今年', '終於', '新竹縣', '有', '跨年', '了', '可惜', '沒', '人', '約', '想', '問', '有沒有', '人', '要', '一起', '去', '提醒', '大家', '跨年', '要', '實名制']","['今年', '終於', '新竹縣', '跨年', '可惜', '人', '約', '想', '問', '有沒有', '人', '一起', '提醒', '跨年', '實名制']",[],negative
5,235055493,#其他 徵美甲手部、足部麻豆🤚🏻,"徵新竹美甲手、足部單色麻豆（含基本保養）
⚠️前10位單色免材料費⚠️依私訊時間計算

酌收材料費$200
（跳色、貓眼、毛絨、貼鑽+50其他款式可傳圖討論）

卸甲$150

⚠️新手練操作、速度、穩定度
⚠️操作過程需兩到三小時
☑️要有耐心坐的住，需久坐
☑️需配合拍照 、追蹤持久度
🈲️完美主義者（畢竟是新手🥲）
🈲️遲到、趕時間、放鳥者
🈲️灰指甲、病變甲、超短甲、有傷口者
https://i.imgur.com/gqXgjJC.jpg",F,4,1,2020-12-26T13:04:51.907Z,2020-12-26T13:04:51.907Z,hsinchu,https://www.dcard.tw/f/hsinchu/p/235055493,dcard,post,徵新竹美甲手足部單色麻豆含基本保養前位單色免材料費依私訊時間計算酌收材料費跳色貓眼毛絨貼鑽其他款式可傳圖討論卸甲新手練操作速度穩定度操作過程需兩到三小時要有耐心坐的住需久坐需配合拍照追蹤持久度完美主義者畢竟是新手遲到趕時間放鳥者灰指甲病變甲超短甲有傷口者,"['徵', '新竹', '美', '甲', '手足', '部', '單色', '麻豆', '含', '基本', '保養', '前', '位', '單色', '免', '材料費', '依', '私訊', '時間', '計算', '酌收', '材料費', '跳色', '貓眼', '毛絨貼鑽', '其他', '款式', '可', '傳圖', '討論', '卸甲', '新手', '練', '操作', '速度', '穩定度', '操作', '過程', '需', '兩', '到', '三', '小時', '要', '有', '耐心', '坐', '的', '住', '需', '久', '坐', '需', '配合', '拍照', '追蹤', '持久度', '完美主義', '者', '畢竟', '是', '新手', '遲到', '趕時間', '放鳥', '者', '灰指甲', '病變', '甲超短甲', '有', '傷口', '者']","['徵', '新竹', '美', '甲', '手足', '部', '單色', '麻豆', '含', '保養', '前', '位', '單色', '免', '材料費', '私訊', '時間', '計算', '酌收', '材料費', '跳色', '貓眼', '毛絨貼鑽', '款式', '傳圖', '討論', '卸甲', '新手', '練', '操作', '速度', '穩定度', '操作', '過程', '需', '兩', '小時', '耐心', '坐', '住', '需', '久', '坐', '需', '配合', '拍照', '追蹤', '持久度', '完美主義', '新手', '遲到', '趕時間', '放鳥', '灰指甲', '病變', '甲超短甲', '傷口']",[],negative
6,235055451,#推薦 羽途週年慶,"趕快大家去買他們的福箱，超值只要1225，還有機會抽戴資穎指定拍TK A-F-C，物超所值推薦大家快去試試手氣！！
https://www.dcard.tw/v2/vivid/videos/be7357ad-081e-46da-82b3-2822d414b623?r=1.0",M,0,0,2020-12-26T12:58:31.437Z,2020-12-26T12:58:31.437Z,hsinchu,https://www.dcard.tw/f/hsinchu/p/235055451,dcard,post,趕快大家去買他們的福箱超值只要還有機會抽戴資穎指定拍物超所值推薦大家快去試試手氣,"['趕快', '大家', '去', '買', '他們', '的', '福箱', '超值', '只要', '還', '有', '機會', '抽戴資穎', '指定', '拍', '物超所值', '推薦', '大家', '快', '去', '試試', '手氣']","['買', '福箱', '超值', '機會', '抽戴資穎', '指定', '拍', '物超所值', '推薦', '試試', '手氣']",[],positive
7,235051228,新竹打羽球場地,"想問新竹哪邊有羽球場/館呢
不是專業的球隊也沒有俱樂部什麼的
就是閒暇時間想打羽球當運動而已
收費可以接受 有爬過文
但不太清楚清大羽球館或是羽樂球館是怎麼收費@@
麻煩知道的人可以分享一下🙏🙏🙏",F,3,7,2020-12-25T16:07:43.296Z,2020-12-25T16:07:43.296Z,hsinchu,https://www.dcard.tw/f/hsinchu/p/235051228,dcard,post,想問新竹哪邊有羽球場館呢不是專業的球隊也沒有俱樂部什麼的就是閒暇時間想打羽球當運動而已收費可以接受有爬過文但不太清楚清大羽球館或是羽樂球館是怎麼收費麻煩知道的人可以分享一下,"['想', '問', '新竹', '哪', '邊', '有', '羽球場館', '呢', '不', '是', '專業', '的', '球隊', '也', '沒有', '俱樂部', '什麼', '的', '就是', '閒暇', '時間', '想', '打', '羽球', '當', '運動', '而已', '收費', '可以', '接受', '有', '爬過', '文', '但', '不', '太', '清楚', '清大', '羽球館', '或是', '羽樂', '球館', '是', '怎麼', '收費', '麻煩', '知道', '的', '人', '可以', '分享', '一下']","['想', '問', '新竹', '羽球場館', '專業', '球隊', '俱樂部', '閒暇', '時間', '想', '羽球', '運動', '收費', '接受', '爬過', '文', '太', '清楚', '清大', '羽球館', '羽樂', '球館', '收費', '麻煩', '知道', '人', '分享', '一下']",[],positive
8,235045735,尋找工作機會,"請問有新竹、竹北、竹東地區ㄉ店家有缺早班ㄇಥ_ಥ

努力尋找工作a大學生(⁎⁍̴̛ᴗ⁍̴̛⁎)",F,8,12,2020-12-24T17:37:41.920Z,2020-12-24T17:37:41.920Z,hsinchu,https://www.dcard.tw/f/hsinchu/p/235045735,dcard,post,請問有新竹竹北竹東地區店家有缺早班努力尋找工作大學生,"['請問', '有', '新竹', '竹北', '竹東', '地區', '店家', '有', '缺', '早', '班', '努力', '尋找', '工作', '大學生']","['請問', '新竹', '竹北', '竹東', '地區', '店家', '缺', '早', '班', '努力', '尋找', '工作', '大學生']",[],positive
9,235040417,燈會管制修正版,"https://www.facebook.com/116135965179713/posts/3469589749834301/
在市長臉書看到的，有更新了燈會管制修正版，應該是被砲轟的很慘才趕快修正吧！，但是這樣改，好像代表之前的版本根本沒有仔細規劃
https://i.imgur.com/R6hVxQ4.jpg",M,1,11,2020-12-24T02:47:21.783Z,2020-12-24T02:49:02.317Z,hsinchu,https://www.dcard.tw/f/hsinchu/p/235040417,dcard,post,在市長臉書看到的有更新了燈會管制修正版應該是被砲轟的很慘才趕快修正吧但是這樣改好像代表之前的版本根本沒有仔細規劃,"['在', '市長', '臉書', '看到', '的', '有', '更新', '了', '燈會', '管制', '修正', '版', '應該', '是', '被', '砲轟', '的', '很', '慘', '才', '趕快', '修正', '吧', '但是', '這樣', '改好', '像', '代表', '之前', '的', '版本', '根本', '沒有', '仔細', '規劃']","['市長', '臉書', '看到', '更新', '燈會', '管制', '修正', '版', '應該', '砲轟', '慘', '修正', '改好', '代表', '之前', '版本', '根本', '仔細', '規劃']",[],negative
10,235039017,草莓,"如題
請問大家現在哪裡買得到草莓🤔",F,3,7,2020-12-23T17:04:57.887Z,2020-12-23T17:04:57.887Z,hsinchu,https://www.dcard.tw/f/hsinchu/p/235039017,dcard,post,如題請問大家現在哪裡買得到草莓,"['如', '題', '請問', '大家', '現在', '哪裡', '買', '得到', '草莓']","['題', '請問', '現在', '哪裡', '買', '得到', '草莓']",[],positive
11,235037426,#景點 新竹新景點,"""2樓高溜滑梯、「巨型大海怪」裝置在新竹！特搜4大新竹好玩新亮點 | ETtoday旅遊新聞 | ETtodayAMP""
https://travel.ettoday.net/amp/amp_news.php?news_id=1876656",M,0,32,2020-12-23T13:04:19.164Z,2020-12-23T13:04:19.164Z,hsinchu,https://www.dcard.tw/f/hsinchu/p/235037426,dcard,post,樓高溜滑梯巨型大海怪裝置在新竹特搜大新竹好玩新亮點旅遊新聞,"['樓', '高', '溜滑梯', '巨型', '大海', '怪', '裝置', '在', '新竹', '特搜大', '新竹', '好玩', '新', '亮點', '旅遊', '新聞']","['樓', '高', '溜滑梯', '巨型', '大海', '裝置', '新竹', '特搜大', '新竹', '好玩', '新', '亮點', '旅遊', '新聞']",[],neutral
12,235022172,#學校 【徵才】全台/兒童協會大墩陽光/招募隊輔老師,"【職缺名稱】2021兒童冬令營營隊—招募隊輔老師
【聯絡方式】請到報名網址 
http://www.okgogo.org 
(時間、地點、薪資都在網站裡)
 ➖➖➖➖➖ 
【打工期間】2021/01/25~2021/02/05(不含六日) 
【打工待遇】日薪1280起~1850元 
【工作地點】全台-雙北、桃竹、中彰、南高皆有營區
【工作內容】冬令營老師、隊輔
➖➖➖➖➖ 
【應徵條件】只要您有心，本協會有非常完整的教學培訓體系，讓你成為一個受孩子歡迎的講師，精采的的班級經營課程，秩序管理，學生行為處理…全部免費培訓授課，全國最用心的教學實戰營，讓您挑戰自己站在講台。 
【公司介紹】「大墩陽光教學團隊」，在國內已經營十七年，主要推廣兒童課外教育，有益智類(積木,科學,桌遊,魔術,美語),職人類(獸醫,醫師,烘焙),運動類(足球,籃球,武術,街舞)營隊等多項主軸。

https://i.imgur.com/uQMhWqK.jpg",F,0,7,2020-12-21T07:10:53.774Z,2020-12-21T07:10:53.774Z,hsinchu,https://www.dcard.tw/f/hsinchu/p/235022172,dcard,post,職缺名稱兒童冬令營營隊招募隊輔老師聯絡方式請到報名網址時間地點薪資都在網站裡打工期間不含六日打工待遇日薪起元工作地點全台雙北桃竹中彰南高皆有營區工作內容冬令營老師隊輔應徵條件只要您有心本協會有非常完整的教學培訓體系讓你成為一個受孩子歡迎的講師精采的的班級經營課程秩序管理學生行為處理全部免費培訓授課全國最用心的教學實戰營讓您挑戰自己站在講台公司介紹大墩陽光教學團隊在國內已經營十七年主要推廣兒童課外教育有益智類積木科學桌遊魔術美語職人類獸醫醫師烘焙運動類足球籃球武術街舞營隊等多項主軸,"['職缺', '名稱', '兒童', '冬令營', '營隊', '招募', '隊輔', '老師', '聯絡', '方式', '請到', '報名', '網址', '時間', '地點', '薪資', '都', '在', '網站', '裡', '打工', '期間', '不', '含', '六日', '打工', '待遇', '日薪', '起元', '工作', '地點', '全', '台', '雙北桃', '竹中', '彰南高', '皆', '有', '營區', '工作', '內容', '冬令營', '老師', '隊輔', '應徵', '條件', '只要', '您', '有心', '本', '協會', '有', '非常', '完整', '的', '教學', '培訓', '體系', '讓', '你', '成為', '一', '個', '受', '孩子', '歡迎', '的', '講師', '精采', '的', '的', '班級', '經營', '課程', '秩序', '管理', '學生', '行為', '處理', '全部', '免費', '培訓', '授課', '全國', '最', '用心', '的', '教學', '實戰營', '讓', '您', '挑戰', '自己', '站', '在', '講台', '公司', '介紹', '大墩', '陽光', '教學', '團隊', '在', '國內', '已', '經營', '十七年', '主要', '推廣', '兒童', '課外', '教育', '有', '益智類', '積木', '科學桌', '遊', '魔術', '美語', '職', '人類', '獸醫', '醫師', '烘焙', '運動類', '足球', '籃球', '武術', '街舞', '營隊', '等', '多', '項', '主軸']","['職缺', '名稱', '兒童', '冬令營', '營隊', '招募', '隊輔', '老師', '聯絡', '方式', '請到', '報名', '網址', '時間', '地點', '薪資', '網站', '裡', '打工', '期間', '含', '六日', '打工', '待遇', '日薪', '起元', '工作', '地點', '全', '台', '雙北桃', '竹中', '彰南高', '皆', '營區', '工作', '內容', '冬令營', '老師', '隊輔', '應徵', '條件', '有心', '協會', '完整', '教學', '培訓', '體系', '成為', '受', '孩子', '歡迎', '講師', '精采', '班級', '經營', '課程', '秩序', '管理', '學生', '行為', '處理', '全部', '免費', '培訓', '授課', '全國', '最', '用心', '教學', '實戰營', '挑戰', '站', '講台', '公司', '介紹', '大墩', '陽光', '教學', '團隊', '國內', '已', '經營', '十七年', '主要', '推廣', '兒童', '課外', '教育', '益智類', '積木', '科學桌', '遊', '魔術', '美語', '職', '人類', '獸醫', '醫師', '烘焙', '運動類', '足球', '籃球', '武術', '街舞', '營隊', '項', '主軸']","['教學', '兒童', '冬令營']",positive
13,235021872,#美食 新竹 福州包,"前幾天看到一位美妝YouTuber
分享她從小吃到大的 福州包
但是找不到哪裡有賣
請問在新竹的同學們知道哪裡有賣嗎？謝謝🙏",F,4,3,2020-12-21T06:19:14.368Z,2020-12-21T06:19:14.368Z,hsinchu,https://www.dcard.tw/f/hsinchu/p/235021872,dcard,post,前幾天看到一位美妝分享她從小吃到大的福州包但是找不到哪裡有賣請問在新竹的同學們知道哪裡有賣嗎謝謝,"['前', '幾', '天', '看到', '一', '位', '美妝', '分享', '她', '從小', '吃到', '大', '的', '福州', '包', '但是', '找', '不', '到', '哪裡', '有', '賣', '請問', '在', '新竹', '的', '同學們', '知道', '哪裡', '有', '賣', '嗎', '謝謝']","['前', '天', '看到', '位', '美妝', '分享', '吃到', '福州', '包', '找', '哪裡', '賣', '請問', '新竹', '同學們', '知道', '哪裡', '賣', '謝謝']",[],positive
14,235014969,新竹以後有可能升格成直轄市嗎？,"我記得目前竹市加竹縣大概100萬人
加上竹科的誘因
一堆外地人想移居新竹
新竹的人口成長率進年來也是全台最高
484離成為第七都的時間不遠了？？",M,12,12,2020-12-20T01:07:10.991Z,2020-12-20T01:07:10.991Z,hsinchu,https://www.dcard.tw/f/hsinchu/p/235014969,dcard,post,我記得目前竹市加竹縣大概萬人加上竹科的誘因一堆外地人想移居新竹新竹的人口成長率進年來也是全台最高離成為第七都的時間不遠了,"['我', '記得', '目前', '竹市', '加', '竹縣', '大概', '萬', '人', '加上', '竹科', '的', '誘因', '一', '堆', '外地人', '想', '移居', '新竹', '新竹', '的', '人口', '成長率', '進', '年', '來', '也', '是', '全', '台', '最', '高', '離', '成為', '第七', '都', '的', '時間', '不遠', '了']","['記得', '目前', '竹市', '加', '竹縣', '萬', '人', '竹科', '誘因', '堆', '外地人', '想', '移居', '新竹', '新竹', '人口', '成長率', '進', '年', '全', '台', '最', '高', '成為', '第七', '時間', '不遠']",[],positive
15,235004075,交通運輸,"https://i.imgur.com/EI1sonb.jpg

全部人都擠在前端，司機大哥將說往後也不動一下，全部人都像機器人一樣",M,0,7,2020-12-18T03:39:05.010Z,2020-12-18T03:39:05.010Z,hsinchu,https://www.dcard.tw/f/hsinchu/p/235004075,dcard,post,全部人都擠在前端司機大哥將說往後也不動一下全部人都像機器人一樣,"['全部', '人', '都', '擠', '在', '前端', '司機', '大哥', '將', '說', '往後', '也', '不', '動', '一下', '全部', '人', '都', '像', '機器人', '一樣']","['全部', '人', '擠', '前端', '司機', '大哥', '說', '往後', '動', '一下', '全部', '人', '機器人']",[],neutral
16,234998208,#情報 2021新竹燈會簡介 居民回家必帶三寶,"給新竹人～明年燈會的注意事項
大家可以先參考參考
https://3yboy.tw/2021hc_lantern_rules/",M,9,23,2020-12-17T06:26:23.274Z,2020-12-17T06:26:23.274Z,hsinchu,https://www.dcard.tw/f/hsinchu/p/234998208,dcard,post,給新竹人明年燈會的注意事項大家可以先參考參考,"['給', '新竹人', '明年', '燈會', '的', '注意', '事項', '大家', '可以', '先', '參考參考']","['新竹人', '明年', '燈會', '注意', '事項', '先', '參考參考']",[],positive
17,234996250,#閒聊 新竹有推薦酒吧嗎🤔,"如題 小弟來新竹不久
想問問大家有沒有推薦新竹的酒吧
或是夜景的地方🤗",M,10,24,2020-12-16T19:18:37.286Z,2020-12-16T19:18:37.286Z,hsinchu,https://www.dcard.tw/f/hsinchu/p/234996250,dcard,post,如題小弟來新竹不久想問問大家有沒有推薦新竹的酒吧或是夜景的地方,"['如', '題', '小弟', '來', '新竹', '不久', '想', '問問', '大家', '有沒有', '推薦', '新竹', '的', '酒吧', '或是', '夜景', '的', '地方']","['題', '小弟', '新竹', '不久', '想', '問問', '有沒有', '推薦', '新竹', '酒吧', '夜景', '地方']",[],positive
18,234994364,烘焙乙級練習販售,"都是使用奶油、動鮮、雞蛋用動福蛋，有人要收嗎🥺材料真的用很好，所以成本較高，後面還會練習很多產品，會陸續詢問🥰
練習虎皮蛋糕（一條長17公分）一條$250兩條$400
https://megapx-assets.dcard.tw/images/bc664ef2-62e3-47ba-adb6-de0d46e75e98/1280.jpeg
練習虎皮抹茶蛋糕（自己研究的）
一條$280
https://megapx-assets.dcard.tw/images/047b2bc5-9d5d-4fee-9926-0ac7691d7226/1280.jpeg

面交：竹北火車站（後站
時間：抹茶12/17 19點、原味12/18 19點
#乙級烘焙產品",F,4,15,2020-12-16T13:59:54.109Z,2020-12-16T13:59:54.109Z,hsinchu,https://www.dcard.tw/f/hsinchu/p/234994364,dcard,post,都是使用奶油動鮮雞蛋用動福蛋有人要收嗎材料真的用很好所以成本較高後面還會練習很多產品會陸續詢問練習虎皮蛋糕一條長公分一條兩條練習虎皮抹茶蛋糕自己研究的一條面交竹北火車站後站時間抹茶點原味點乙級烘焙產品,"['都', '是', '使用', '奶油', '動', '鮮', '雞蛋', '用', '動福蛋', '有', '人', '要', '收', '嗎', '材料', '真的', '用', '很', '好', '所以', '成本', '較', '高', '後面', '還', '會', '練習', '很多', '產品', '會', '陸續', '詢問', '練習', '虎皮', '蛋糕', '一', '條', '長', '公分', '一', '條', '兩', '條', '練習', '虎皮', '抹茶', '蛋糕', '自己', '研究', '的', '一', '條', '面', '交', '竹北', '火車站', '後', '站', '時間', '抹茶', '點', '原味', '點', '乙級', '烘焙', '產品']","['使用', '奶油', '動', '鮮', '雞蛋', '動福蛋', '人', '收', '材料', '真的', '好', '成本', '高', '後面', '練習', '產品', '陸續', '詢問', '練習', '虎皮', '蛋糕', '條', '長', '公分', '條', '兩', '條', '練習', '虎皮', '抹茶', '蛋糕', '研究', '條', '面', '交', '竹北', '火車站', '後', '站', '時間', '抹茶', '點', '原味', '點', '乙級', '烘焙', '產品']",[],positive
19,234994089,[討論] 內政部下個月將在新竹市強行試辦換發晶片身分證,"轉載自台灣人權促進會：
https://www.tahr.org.tw/news/2839

【短評】🚦eID風險指南🚦內政部沒告訴新竹市民的事

新北市板橋中和、澎湖縣退出後，全台僅剩新竹市將在明年一月試辦換發晶片身分證。隱私保護不是個人的事。一個人的資料也會影響到家人，甚至更多與我相關的群體。找一位新竹市的朋友，一起聊聊隱私保護，還有晶片身分證的現況與風險。

😨 無法關閉晶片功能

日本，人民可自由選擇要不要eID。在德國，人民可以選擇關閉數位身分識別功能，以及根本不開啟數位身分驗證和電子簽章。但在台灣，晶片戶籍區、公開區、加密區都不能關閉。

😖 晶片公開區放人臉相片，用途不明

更甚者，公開區會放高解析人臉相片。內政部最新說法是，晶片放照片是為了避免卡面照片被偽造。然而，換卡過程內政部應已投入資源在卡面防偽，此舉是否等同鼓勵公私部門多多看晶片內的資料，確認是否和卡面相同？將生物特徵資料放在公開區，增添未來公私部門讀取的誘因，將造成不必要的讀取，侵害人民隱私。

😢 今日的自願，成就明日的強制

只有試辦時是自願，換發時就是強制。經歷民間與專家多方質疑，內政部仍未打算改採「人民可自由選擇是否持有晶片身分證」的制度。強制換發後，現行制度下，政府將宣布舊證失效，屆時未換發的人民將無法行使投票權、無法考駕照、無法領社會福利。接受現行的制度自願試辦，將成就明日的全面強制換發。

🤠 新竹市專屬試辦，賞金獵人同時出動

若內政部不打算處理現行身分制度遭濫用的問題，現在試辦到底是要試什麼？內政部只打算處理資安問題。資安是個大問題，卻只是身分制度問題的一部分。離譜的是，行政院一再幫內政部背書，卻只想依賴「賞金獵人」補破網，而不積極處理法律及實務管理、採購上的諸多漏洞。

🐁 沒有足夠的法律保障人民隱私

使用晶片身分證留下的數位足跡怎麼處理？台灣的電子簽章法沒有處理。公私部門外洩個資，或者違反分享個資，會受到處罰嗎？還是會像近年銓敘部或人力銀行外洩個資，不痛不癢？更不要說個資法具有為公務機關大開目的外利用大門的條文。更根本的問題是，戶籍法本身並未授權超出身份識別以外的身分證。其他國家的個資法優於台灣，也都還有個資保護機關和專法。台灣交通規則沒有、保護措施不夠，甚至連合法性都有問題。

以上說了很多。也還有更多沒說。比如讀卡機、中介軟體，以及單一身分識別制度的風險等等。風城的朋友站出來，一起來挺資訊隱私、資訊自主權。

延伸閱讀：
📍【連署】反對全面換發晶片身分證
https://www.tahr.org.tw/news/2648

📍內政部請尊重法院如期開庭事實，回歸eID政策面討論權利保障
https://www.tahr.org.tw/news/2834

📍WhyID：在數位時代保護我們的身分
https://www.tahr.org.tw/news/2675

📍數位身分證eID五大不合理之處
https://www.tahr.org.tw/news/2636",M,0,12,2020-12-16T13:16:18.040Z,2020-12-16T13:16:18.040Z,hsinchu,https://www.dcard.tw/f/hsinchu/p/234994089,dcard,post,轉載自台灣人權促進會短評風險指南內政部沒告訴新竹市民的事新北市板橋中和澎湖縣退出後全台僅剩新竹市將在明年一月試辦換發晶片身分證隱私保護不是個人的事一個人的資料也會影響到家人甚至更多與我相關的群體找一位新竹市的朋友一起聊聊隱私保護還有晶片身分證的現況與風險無法關閉晶片功能日本人民可自由選擇要不要在德國人民可以選擇關閉數位身分識別功能以及根本不開啟數位身分驗證和電子簽章但在台灣晶片戶籍區公開區加密區都不能關閉晶片公開區放人臉相片用途不明更甚者公開區會放高解析人臉相片內政部最新說法是晶片放照片是為了避免卡面照片被偽造然而換卡過程內政部應已投入資源在卡面防偽此舉是否等同鼓勵公私部門多多看晶片內的資料確認是否和卡面相同將生物特徵資料放在公開區增添未來公私部門讀取的誘因將造成不必要的讀取侵害人民隱私今日的自願成就明日的強制只有試辦時是自願換發時就是強制經歷民間與專家多方質疑內政部仍未打算改採人民可自由選擇是否持有晶片身分證的制度強制換發後現行制度下政府將宣布舊證失效屆時未換發的人民將無法行使投票權無法考駕照無法領社會福利接受現行的制度自願試辦將成就明日的全面強制換發新竹市專屬試辦賞金獵人同時出動若內政部不打算處理現行身分制度遭濫用的問題現在試辦到底是要試什麼內政部只打算處理資安問題資安是個大問題卻只是身分制度問題的一部分離譜的是行政院一再幫內政部背書卻只想依賴賞金獵人補破網而不積極處理法律及實務管理採購上的諸多漏洞沒有足夠的法律保障人民隱私使用晶片身分證留下的數位足跡怎麼處理台灣的電子簽章法沒有處理公私部門外洩個資或者違反分享個資會受到處罰嗎還是會像近年銓敘部或人力銀行外洩個資不痛不癢更不要說個資法具有為公務機關大開目的外利用大門的條文更根本的問題是戶籍法本身並未授權超出身份識別以外的身分證其他國家的個資法優於台灣也都還有個資保護機關和專法台灣交通規則沒有保護措施不夠甚至連合法性都有問題以上說了很多也還有更多沒說比如讀卡機中介軟體以及單一身分識別制度的風險等等風城的朋友站出來一起來挺資訊隱私資訊自主權延伸閱讀連署反對全面換發晶片身分證內政部請尊重法院如期開庭事實回歸政策面討論權利保障在數位時代保護我們的身分數位身分證五大不合理之處,"['轉載', '自', '台灣', '人權', '促進會', '短評', '風險', '指南', '內政部', '沒', '告訴', '新竹', '市民', '的', '事', '新', '北市', '板橋', '中和', '澎湖縣', '退出', '後', '全', '台', '僅', '剩', '新竹市', '將', '在', '明年', '一月', '試辦', '換發', '晶片', '身分證', '隱私', '保護', '不', '是', '個人', '的', '事', '一', '個人', '的', '資料', '也', '會', '影響到', '家人', '甚至', '更多', '與', '我', '相關', '的', '群體', '找', '一', '位', '新竹市', '的', '朋友', '一起', '聊聊', '隱私', '保護', '還', '有', '晶片', '身分證', '的', '現況', '與', '風險', '無法', '關閉', '晶片', '功能', '日本', '人民', '可', '自由', '選擇', '要不要', '在', '德國', '人民', '可以', '選擇', '關閉', '數位', '身分', '識別', '功能', '以及', '根本', '不', '開啟', '數位', '身分', '驗證', '和', '電子', '簽章', '但', '在', '台灣', '晶片', '戶籍區', '公開區', '加密區', '都', '不能', '關閉', '晶片', '公開區', '放', '人', '臉', '相片', '用途', '不明', '更甚', '者', '公開區', '會', '放', '高解析', '人', '臉', '相片', '內政部', '最', '新', '說法', '是', '晶片', '放', '照片', '是', '為了', '避免', '卡面', '照片', '被', '偽造', '然而', '換卡', '過程', '內政部', '應', '已', '投入', '資源', '在', '卡面', '防偽', '此', '舉', '是否', '等同', '鼓勵', '公私', '部門', '多多', '看', '晶片', '內', '的', '資料', '確認', '是否', '和', '卡面', '相同', '將', '生物', '特徵', '資料', '放', '在', '公開區', '增添', '未來', '公私', '部門', '讀取', '的', '誘因', '將', '造成', '不', '必要', '的', '讀取', '侵害', '人民', '隱私', '今日', '的', '自願', '成就', '明日', '的', '強制', '只有', '試辦', '時', '是', '自願', '換發', '時', '就是', '強制', '經歷', '民間', '與', '專家', '多方', '質疑', '內政部', '仍', '未', '打算', '改採', '人民', '可', '自由', '選擇', '是否', '持有', '晶片', '身分證', '的', '制度', '強制', '換發', '後', '現行', '制度', '下', '政府', '將', '宣布', '舊證', '失效', '屆時', '未', '換發', '的', '人民', '將', '無法', '行使', '投票權', '無法', '考', '駕照', '無法', '領', '社會', '福利', '接受', '現行', '的', '制度', '自願', '試辦', '將', '成就', '明日', '的', '全面', '強制', '換發', '新竹市', '專屬', '試辦', '賞金', '獵人', '同時', '出動', '若', '內政部', '不', '打算', '處理', '現行', '身分', '制度', '遭', '濫用', '的', '問題', '現在', '試辦', '到底', '是', '要', '試', '什麼', '內政部', '只', '打算', '處理', '資安', '問題', '資安', '是', '個', '大', '問題', '卻', '只是', '身分', '制度', '問題', '的', '一', '部分', '離譜', '的', '是', '行政院', '一再', '幫', '內政部', '背書', '卻', '只', '想', '依賴', '賞金', '獵人', '補破網', '而', '不', '積極', '處理', '法律', '及', '實務', '管理', '採購', '上', '的', '諸多', '漏洞', '沒有', '足夠', '的', '法律', '保障', '人民', '隱私', '使用', '晶片', '身分證', '留下', '的', '數位', '足跡', '怎麼', '處理', '台灣', '的', '電子', '簽章法', '沒有', '處理', '公私', '部門', '外洩', '個資', '或者', '違反', '分享', '個資', '會', '受到', '處罰', '嗎', '還是', '會', '像', '近年', '銓敘部', '或', '人力', '銀行', '外洩', '個資', '不痛不癢', '更', '不要', '說', '個資法', '具有', '為', '公務', '機關', '大開', '目的', '外', '利用', '大門', '的', '條文', '更', '根本', '的', '問題', '是', '戶籍法', '本身', '並', '未', '授權', '超出', '身份', '識別', '以外', '的', '身分證', '其他', '國家', '的', '個資法', '優於', '台灣', '也', '都', '還', '有', '個資', '保護', '機關', '和', '專法', '台灣', '交通', '規則', '沒有', '保護', '措施', '不', '夠', '甚至', '連', '合法', '性', '都', '有', '問題', '以上', '說', '了', '很多', '也', '還', '有', '更多', '沒', '說', '比如', '讀卡機', '中介', '軟體', '以及', '單一', '身分', '識別', '制度', '的', '風險', '等等', '風城', '的', '朋友', '站出來', '一起', '來', '挺', '資訊', '隱私', '資訊', '自主權', '延伸', '閱讀', '連署', '反對', '全面', '換發', '晶片', '身分證', '內政部', '請', '尊重', '法院', '如期', '開庭', '事實', '回歸', '政策面', '討論', '權利', '保障', '在', '數位', '時代', '保護', '我們', '的', '身分', '數位', '身分證', '五', '大', '不', '合理', '之', '處']","['轉載', '台灣', '人權', '促進會', '短評', '風險', '指南', '內政部', '告訴', '新竹', '市民', '事', '新', '北市', '板橋', '中和', '澎湖縣', '退出', '後', '全', '台', '剩', '新竹市', '明年', '一月', '試辦', '換發', '晶片', '身分證', '隱私', '保護', '事', '資料', '影響到', '家人', '更多', '相關', '群體', '找', '位', '新竹市', '朋友', '一起', '聊聊', '隱私', '保護', '晶片', '身分證', '現況', '風險', '無法', '關閉', '晶片', '功能', '日本', '自由', '選擇', '要不要', '德國', '選擇', '關閉', '數位', '身分', '識別', '功能', '根本', '開啟', '數位', '身分', '驗證', '電子', '簽章', '台灣', '晶片', '戶籍區', '公開區', '加密區', '關閉', '晶片', '公開區', '放', '人', '臉', '相片', '用途', '不明', '更甚', '公開區', '放', '高解析', '人', '臉', '相片', '內政部', '最', '新', '說法', '晶片', '放', '照片', '避免', '卡面', '照片', '偽造', '換卡', '過程', '內政部', '應', '已', '投入', '資源', '卡面', '防偽', '舉', '是否', '等同', '鼓勵', '公私', '部門', '晶片', '資料', '確認', '是否', '卡面', '相同', '生物', '特徵', '資料', '放', '公開區', '增添', '未來', '公私', '部門', '讀取', '誘因', '造成', '必要', '讀取', '侵害', '隱私', '今日', '自願', '成就', '明日', '強制', '試辦', '時', '自願', '換發', '時', '強制', '經歷', '民間', '專家', '多方', '質疑', '內政部', '未', '打算', '改採', '自由', '選擇', '是否', '持有', '晶片', '身分證', '制度', '強制', '換發', '後', '現行', '制度', '下', '政府', '宣布', '舊證', '失效', '未', '換發', '無法', '行使', '投票權', '無法', '考', '駕照', '無法', '領', '社會', '福利', '接受', '現行', '制度', '自願', '試辦', '成就', '明日', '全面', '強制', '換發', '新竹市', '專屬', '試辦', '賞金', '獵人', '出動', '內政部', '打算', '處理', '現行', '身分', '制度', '遭', '濫用', '問題', '現在', '試辦', '試', '內政部', '只', '打算', '處理', '資安', '問題', '資安', '問題', '卻', '身分', '制度', '問題', '部分', '離譜', '行政院', '一再', '幫', '內政部', '背書', '卻', '只', '想', '依賴', '賞金', '獵人', '補破網', '積極', '處理', '法律', '實務', '管理', '採購', '諸多', '漏洞', '足夠', '法律', '保障', '隱私', '使用', '晶片', '身分證', '留下', '數位', '足跡', '處理', '台灣', '電子', '簽章法', '處理', '公私', '部門', '外洩', '個資', '違反', '分享', '個資', '受到', '處罰', '近年', '銓敘部', '人力', '銀行', '外洩', '個資', '不痛不癢', '說', '個資法', '具有', '公務', '機關', '大開', '目的', '外', '利用', '大門', '條文', '根本', '問題', '戶籍法', '未', '授權', '超出', '身份', '識別', '以外', '身分證', '國家', '個資法', '優於', '台灣', '個資', '保護', '機關', '專法', '台灣', '交通', '規則', '保護', '措施', '夠', '合法', '性', '問題', '以上', '說', '更多', '說', '讀卡機', '中介', '軟體', '單一', '身分', '識別', '制度', '風險', '風城', '朋友', '站出來', '一起', '挺', '資訊', '隱私', '資訊', '自主權', '延伸', '閱讀', '連署', '反對', '全面', '換發', '晶片', '身分證', '內政部', '請', '尊重', '法院', '開庭', '事實', '回歸', '政策面', '討論', '權利', '保障', '數位', '時代', '保護', '身分', '數位', '身分證', '合理', '處']","['晶片', '內政部', '身分證']",negative
20,234990932,#新聞 睽違六年 竹北又有跨年嘍🎉🎉,"新竹有跨年了耶，而且卡斯似乎不差😂
這樣像我當天要上班的下班後也可以去聽歌演唱會過過癮了🤤
https://udn.com/news/story/7324/5094621",M,1,37,2020-12-16T03:50:52.814Z,2020-12-16T03:50:52.814Z,hsinchu,https://www.dcard.tw/f/hsinchu/p/234990932,dcard,post,新竹有跨年了耶而且卡斯似乎不差這樣像我當天要上班的下班後也可以去聽歌演唱會過過癮了,"['新竹', '有', '跨年', '了', '耶', '而且', '卡斯', '似乎', '不', '差', '這樣', '像', '我', '當天', '要', '上班', '的', '下班', '後', '也', '可以', '去', '聽', '歌', '演唱會', '過', '過癮', '了']","['新竹', '跨年', '耶', '卡斯', '似乎', '差', '當天', '上班', '下班', '後', '聽', '歌', '演唱會', '過癮']",[],positive
21,234988430,［竹北音樂講座］揚音樂集節慶系列講座-Birmingham’s Christmas,"嗨🙌🙌新竹的鄉親們，我來幫老師宣傳這個免費的音樂推廣講座～希望能把資訊分享給在新竹，並且有興趣、喜歡音樂的朋友們🥰歡迎大家來參加呀！


🎄以下為講座資訊👇

竹北免費聖誕音樂講座來囉！
講到Snowman的音樂，除了Sia的 Snowman還有英國經典繪本的ＳSnowman stage show唷！
不知道有多少人知道Snowman這個英國繪本及音樂劇呢？去年的我在聖誕節期間看了這部給英國小朋友的音樂劇，雖然沒有任何對白的劇情對大人來說顯得無聊，但是相信主題曲Walking in the air絕大多數的人都有聽過~想知道這些故事及音樂的創作背景嗎？想了解更多關於聖誕節的大小事嗎？或許我們也可以聊回原本講到的Sia  聖誕音樂專輯系列...什麼都想聊啊！
我將講座分享給小朋友及大朋友～當然時間上的設定是更希望有更多的大朋友一同參與(笑)
這次講座除了上班族之外，更適合的對象，我想應該是青少年、大學生及研究生，畢竟我是高中老師出身的～希望大家會喜歡唷！
建議各位當天不要騎車或開車來，這樣才能好好品嚐我為你們準備的熱紅白酒唷！

報名連結：
https://www.accupass.com/go/birminghamchristmas


附上Snowman的官方預告，你一定聽過這首曲目的！沒聽過，就來講座聽吧！
https://www.youtube.com/watch?v=uZTHp9c2KqA",F,1,3,2020-12-15T15:05:42.039Z,2020-12-15T15:05:42.039Z,hsinchu,https://www.dcard.tw/f/hsinchu/p/234988430,dcard,post,嗨新竹的鄉親們我來幫老師宣傳這個免費的音樂推廣講座希望能把資訊分享給在新竹並且有興趣喜歡音樂的朋友們歡迎大家來參加呀以下為講座資訊竹北免費聖誕音樂講座來囉講到的音樂除了的還有英國經典繪本的唷不知道有多少人知道這個英國繪本及音樂劇呢去年的我在聖誕節期間看了這部給英國小朋友的音樂劇雖然沒有任何對白的劇情對大人來說顯得無聊但是相信主題曲絕大多數的人都有聽過想知道這些故事及音樂的創作背景嗎想了解更多關於聖誕節的大小事嗎或許我們也可以聊回原本講到的聖誕音樂專輯系列什麼都想聊啊我將講座分享給小朋友及大朋友當然時間上的設定是更希望有更多的大朋友一同參與笑這次講座除了上班族之外更適合的對象我想應該是青少年大學生及研究生畢竟我是高中老師出身的希望大家會喜歡唷建議各位當天不要騎車或開車來這樣才能好好品嚐我為你們準備的熱紅白酒唷報名連結附上的官方預告你一定聽過這首曲目的沒聽過就來講座聽吧,"['嗨', '新竹', '的', '鄉親', '們', '我', '來', '幫', '老師', '宣傳', '這', '個', '免費', '的', '音樂', '推廣', '講座', '希望', '能', '把', '資訊', '分享', '給', '在', '新竹', '並且', '有', '興趣', '喜歡', '音樂', '的', '朋友們', '歡迎', '大家', '來', '參加', '呀', '以下', '為', '講座', '資訊', '竹北', '免費', '聖誕', '音樂', '講座', '來', '囉', '講到', '的', '音樂', '除了', '的', '還', '有', '英國', '經典', '繪', '本', '的', '唷', '不', '知道', '有', '多少', '人', '知道', '這', '個', '英國', '繪', '本', '及', '音樂劇', '呢', '去年', '的', '我', '在', '聖誕節', '期間', '看', '了', '這', '部', '給', '英國', '小朋友', '的', '音樂劇', '雖然', '沒有', '任何', '對白', '的', '劇情', '對', '大人', '來', '說', '顯得', '無聊', '但是', '相信', '主題曲', '絕大多數', '的', '人', '都', '有', '聽', '過', '想', '知道', '這些', '故事', '及', '音樂', '的', '創作', '背景', '嗎', '想', '了解', '更多', '關於', '聖誕節', '的', '大小', '事', '嗎', '或許', '我們', '也', '可以', '聊', '回', '原本', '講到', '的', '聖誕', '音樂', '專輯', '系列', '什麼', '都', '想', '聊', '啊', '我', '將', '講座', '分享', '給', '小朋友', '及', '大', '朋友', '當然', '時間', '上', '的', '設定', '是', '更', '希望', '有', '更多', '的', '大', '朋友', '一同', '參與', '笑', '這', '次', '講座', '除了', '上班族', '之外', '更', '適合', '的', '對象', '我', '想', '應該', '是', '青少年', '大學生', '及', '研究生', '畢竟', '我', '是', '高中', '老師', '出身', '的', '希望', '大家', '會', '喜歡', '唷', '建議', '各位', '當天', '不要', '騎車', '或', '開車', '來', '這樣', '才能', '好好', '品嚐', '我', '為', '你們', '準備', '的', '熱紅', '白酒', '唷', '報名', '連結', '附上', '的', '官方', '預告', '你', '一定', '聽', '過', '這', '首', '曲目', '的', '沒', '聽', '過', '就', '來', '講座', '聽', '吧']","['嗨', '新竹', '鄉親', '幫', '老師', '宣傳', '免費', '音樂', '推廣', '講座', '希望', '資訊', '分享', '新竹', '興趣', '喜歡', '音樂', '朋友們', '歡迎', '參加', '以下', '講座', '資訊', '竹北', '免費', '聖誕', '音樂', '講座', '囉', '講到', '音樂', '英國', '經典', '繪', '唷', '知道', '人', '知道', '英國', '繪', '音樂劇', '去年', '聖誕節', '期間', '部', '英國', '小朋友', '音樂劇', '對白', '劇情', '大人', '說', '顯得', '無聊', '相信', '主題曲', '絕大多數', '人', '聽', '想', '知道', '故事', '音樂', '創作', '背景', '想', '了解', '更多', '聖誕節', '大小', '事', '聊', '回', '原本', '講到', '聖誕', '音樂', '專輯', '系列', '想', '聊', '講座', '分享', '小朋友', '朋友', '時間', '設定', '希望', '更多', '朋友', '一同', '參與', '笑', '次', '講座', '上班族', '之外', '適合', '對象', '想', '應該', '青少年', '大學生', '研究生', '高中', '老師', '出身', '希望', '喜歡', '唷', '建議', '當天', '騎車', '開車', '好好', '品嚐', '準備', '熱紅', '白酒', '唷', '報名', '連結', '附上', '官方', '預告', '一定', '聽', '首', '曲目', '聽', '講座', '聽']","['音樂', '講座', '聽']",positive
22,234981252,超級無敵霹靂❤️新竹,"（借帳號使用）
土生土長的台中女。一路順風在台中完成大學學歷，工作至彰化工作五年多，在醫學中心工作遇到在竹科人，炫耀新竹的古蹟廟宇、美食。讓我獨自搭車至新竹冒險旅行，一次就愛上了新竹。固定行程。竹蓮寺、關聖帝君、城隍廟古蹟廟宇。跟旁邊星巴克的百貨公司附近的一間素食餐館（本身吃素調節情緒），近年增加新竹動物園。喜歡新竹的氣息步調。可快可慢。近期增加了竹北攻城獅。也非常欽佩竹科工程師們，佩服他們比我更能吃苦耐勞。在醫院用勞力賺錢工作，以為自己很辛苦一直愛抱怨累人。也自豪賺很多，結果，本人真的是一隻井底之蛙。一次機緣夜班看工程師充滿血絲👀。專注工作電腦密密麻麻的英文字碼。。。當下。傻住了。工程師從白班至大夜班都不停工作.....,我只上大夜班，就抱怨一推，天啊。難怪，我弟弟教育我。要吃苦不要一直跟他人抱怨工作。也是以前剛踏入職場時，學長都約我至廁所踹馬桶翻白眼。讓自己情緒平復。現在，已工作十年，越來越懂得不論人在何處都同理心、換位思考。以及遇到難題不抱怨，用心去感受靜下心處理解決問題。。。。在此，真的真的覺得其實，工程師們遇到家人生病住院也不能立即接聽電話，因為他們上班都不能使用3C產品。辛苦辛苦。他們薪資是我的薪資後面多個零。是非常值得尊敬。工作上的醫療器材都他們研發成果。感謝工程師，工作才能快速完成✅。。。在此。新竹萬歲萬歲🌟🌟🌟🌟。",M,3,11,2020-12-14T13:10:40.022Z,2020-12-14T14:16:34.873Z,hsinchu,https://www.dcard.tw/f/hsinchu/p/234981252,dcard,post,借帳號使用土生土長的台中女一路順風在台中完成大學學歷工作至彰化工作五年多在醫學中心工作遇到在竹科人炫耀新竹的古蹟廟宇美食讓我獨自搭車至新竹冒險旅行一次就愛上了新竹固定行程竹蓮寺關聖帝君城隍廟古蹟廟宇跟旁邊星巴克的百貨公司附近的一間素食餐館本身吃素調節情緒近年增加新竹動物園喜歡新竹的氣息步調可快可慢近期增加了竹北攻城獅也非常欽佩竹科工程師們佩服他們比我更能吃苦耐勞在醫院用勞力賺錢工作以為自己很辛苦一直愛抱怨累人也自豪賺很多結果本人真的是一隻井底之蛙一次機緣夜班看工程師充滿血絲專注工作電腦密密麻麻的英文字碼當下傻住了工程師從白班至大夜班都不停工作我只上大夜班就抱怨一推天啊難怪我弟弟教育我要吃苦不要一直跟他人抱怨工作也是以前剛踏入職場時學長都約我至廁所踹馬桶翻白眼讓自己情緒平復現在已工作十年越來越懂得不論人在何處都同理心換位思考以及遇到難題不抱怨用心去感受靜下心處理解決問題在此真的真的覺得其實工程師們遇到家人生病住院也不能立即接聽電話因為他們上班都不能使用產品辛苦辛苦他們薪資是我的薪資後面多個零是非常值得尊敬工作上的醫療器材都他們研發成果感謝工程師工作才能快速完成在此新竹萬歲萬歲,"['借', '帳號', '使用', '土生土長', '的', '台中女', '一路', '順風', '在', '台中', '完成', '大學', '學歷', '工作', '至', '彰化', '工作', '五年', '多', '在', '醫學', '中心', '工作', '遇到', '在', '竹科人', '炫耀', '新竹', '的', '古蹟', '廟宇', '美食', '讓', '我', '獨自', '搭', '車', '至', '新竹', '冒險', '旅行', '一', '次', '就', '愛上', '了', '新竹', '固定', '行程', '竹蓮寺', '關聖', '帝君', '城隍廟', '古蹟', '廟宇', '跟', '旁邊', '星', '巴克', '的', '百貨公司', '附近', '的', '一', '間', '素食', '餐館', '本身', '吃素', '調節', '情緒', '近年', '增加', '新竹', '動物園', '喜歡', '新竹', '的', '氣息', '步調', '可', '快', '可', '慢', '近期', '增加', '了', '竹北', '攻城', '獅', '也', '非常', '欽佩', '竹科', '工程師', '們', '佩服', '他們', '比', '我', '更', '能', '吃苦', '耐勞', '在', '醫院', '用', '勞力', '賺錢', '工作', '以為', '自己', '很', '辛苦', '一直', '愛', '抱怨', '累人', '也', '自豪', '賺', '很多', '結果', '本人', '真的', '是', '一', '隻', '井底之蛙', '一', '次', '機緣', '夜班', '看', '工程師', '充滿', '血絲', '專注', '工作', '電腦', '密密麻麻', '的', '英文字碼', '當下', '傻住', '了', '工程師', '從', '白班', '至', '大夜班', '都', '不停', '工作', '我', '只', '上', '大夜班', '就', '抱怨', '一', '推', '天啊', '難怪', '我', '弟弟', '教育', '我', '要', '吃苦', '不要', '一直', '跟', '他人', '抱怨', '工作', '也', '是', '以前', '剛', '踏入', '職場', '時', '學長', '都', '約', '我', '至', '廁所', '踹', '馬桶', '翻白眼', '讓', '自己', '情緒', '平復', '現在', '已', '工作', '十年', '越來越', '懂得', '不論', '人', '在', '何處', '都', '同理心', '換位', '思考', '以及', '遇到', '難題', '不', '抱怨', '用心', '去', '感受', '靜下心', '處理', '解決', '問題', '在', '此', '真的', '真的', '覺得', '其', '實', '工程師', '們', '遇到', '家人', '生病', '住院', '也', '不能', '立即', '接聽', '電話', '因為', '他們', '上班', '都', '不能', '使用', '產品', '辛苦', '辛苦', '他們', '薪資', '是', '我', '的', '薪資', '後面', '多', '個', '零', '是', '非常', '值得', '尊敬', '工作', '上', '的', '醫療', '器材', '都', '他們', '研發', '成果', '感謝', '工程師', '工作', '才能', '快速', '完成', '在', '此', '新竹', '萬歲', '萬歲']","['帳號', '使用', '土生土長', '台中女', '一路', '順風', '台中', '完成', '大學', '學歷', '工作', '彰化', '工作', '五年', '醫學', '中心', '工作', '遇到', '竹科人', '炫耀', '新竹', '古蹟', '廟宇', '美食', '搭', '車', '新竹', '冒險', '旅行', '次', '愛上', '新竹', '固定', '行程', '竹蓮寺', '關聖', '帝君', '城隍廟', '古蹟', '廟宇', '旁邊', '星', '巴克', '百貨公司', '附近', '間', '素食', '餐館', '吃素', '調節', '情緒', '近年', '增加', '新竹', '動物園', '喜歡', '新竹', '氣息', '步調', '慢', '近期', '增加', '竹北', '攻城', '獅', '欽佩', '竹科', '工程師', '佩服', '吃苦', '耐勞', '醫院', '勞力', '賺錢', '工作', '以為', '辛苦', '一直', '愛', '抱怨', '累人', '自豪', '賺', '真的', '隻', '井底之蛙', '次', '機緣', '夜班', '工程師', '充滿', '血絲', '專注', '工作', '電腦', '密密麻麻', '英文字碼', '傻住', '工程師', '白班', '大夜班', '不停', '工作', '只', '大夜班', '抱怨', '推', '天啊', '弟弟', '教育', '吃苦', '一直', '抱怨', '工作', '以前', '踏入', '職場', '時', '學長', '約', '廁所', '踹', '馬桶', '翻白眼', '情緒', '平復', '現在', '已', '工作', '十年', '越來越', '懂得', '人', '同理心', '換位', '思考', '遇到', '難題', '抱怨', '用心', '感受', '靜下心', '處理', '解決', '問題', '真的', '真的', '覺得', '實', '工程師', '遇到', '家人', '生病', '住院', '立即', '接聽', '電話', '上班', '使用', '產品', '辛苦', '辛苦', '薪資', '薪資', '後面', '值得', '尊敬', '工作', '醫療', '器材', '研發', '成果', '感謝', '工程師', '工作', '快速', '完成', '新竹', '萬歲', '萬歲']","['工作', '新竹', '工程師']",positive
23,234977768,新竹人會不會覺得自己很倒楣,新竹科學園區的平均薪資在全台是數一數二，關新里的薪資水平更是全國第一，導致新竹物價房價的上漲，問題是很多園區仔都是外地人，科學園區對新竹本地人究竟有什麼好處，難道沒有園區，新竹就會變沙漠? 又不是每個新竹人都要進科技業，為什麼要當地人承擔高物價高房價，土生土長又沒有在園區上班的新竹人484覺得很倒楣,M,22,22,2020-12-14T03:20:58.273Z,2020-12-14T03:25:25.798Z,hsinchu,https://www.dcard.tw/f/hsinchu/p/234977768,dcard,post,新竹科學園區的平均薪資在全台是數一數二關新里的薪資水平更是全國第一導致新竹物價房價的上漲問題是很多園區仔都是外地人科學園區對新竹本地人究竟有什麼好處難道沒有園區新竹就會變沙漠又不是每個新竹人都要進科技業為什麼要當地人承擔高物價高房價土生土長又沒有在園區上班的新竹人覺得很倒楣,"['新竹', '科學園區', '的', '平均', '薪資', '在', '全', '台', '是', '數一數二', '關', '新里', '的', '薪資', '水平', '更', '是', '全國', '第一', '導致', '新竹', '物價', '房價', '的', '上漲', '問題', '是', '很多', '園區仔', '都', '是', '外地人', '科學園區', '對', '新竹', '本地人', '究竟', '有', '什麼', '好處', '難道', '沒有', '園區', '新竹', '就', '會', '變', '沙漠', '又', '不', '是', '每', '個', '新竹人', '都', '要', '進', '科技業', '為什麼', '要', '當地人', '承擔', '高物價', '高', '房價', '土生土長', '又', '沒有', '在', '園區', '上班', '的', '新竹人', '覺得', '很', '倒楣']","['新竹', '科學園區', '平均', '薪資', '全', '台', '數一數二', '關', '新里', '薪資', '水平', '全國', '第一', '導致', '新竹', '物價', '房價', '上漲', '問題', '園區仔', '外地人', '科學園區', '新竹', '本地人', '好處', '園區', '新竹', '變', '沙漠', '新竹人', '進', '科技業', '當地人', '承擔', '高物價', '高', '房價', '土生土長', '園區', '上班', '新竹人', '覺得', '倒楣']",[],negative
24,234966917,[情報] 12/18、12/19交大外文10級畢業公演 《三個高女人》,"到了大四藝文護照都還沒過嗎？
原來交大有外文系嗎？
公演是營隊、之夜、抓馬那種表演嗎？

如果有以上疑問，那就千萬別錯過一年一度的外文盛事，畢業公演啦！

即將在下周五、六（12/18、12/19）於中正堂舉辦的外文畢業公演是濃縮了同學們四年來從文學中獲得的養分。除此之外，更由專業的劇場老師們指導，精心策劃各個細節，只為了將最好的呈現給所有觀眾！

本次演出的劇本為愛德華．阿爾比的《三個高女人》，劇中角色雖然在第一幕看似是互相獨立的個體，話語犀利、針鋒相對。但在短短的一、二幕間，角色之間的關係產生了變化。這三個女人在兩小時間共同經歷了些什麼？從對話中書寫彼此的經歷、傷痛直至釋懷與和解，人生的酸甜苦辣你我都能感同身受，不也是一種孤味？

我們誠摯邀請各位，在這兩天與我們共同在戲院中，享受一場探討人性共鳴、生死意義的劇場時光。


臉書粉專：https://www.facebook.com/nctufl10
Instagram：https://reurl.cc/q8lAYN

《三個高女人》預告片：https://fb.watch/2jbD5sNYjT/


https://i.imgur.com/0vEicqr.jpg



______________________________________________________________________________


交大外文10級畢業公演《三個高女人》Three Tall Women

劇作家｜愛德華．阿爾比（Edward Albee）

演出時間｜
12/18（五）18:30開演  18:00 一般票入場  17:45 VIP入場
12/19（六）14:00開演  13:30 一般票入場  13:15 VIP入場

演出地點｜國立交通大學中正堂

藝文護照｜
演出結束可至櫃台領取觀演證明小卡，即可算進藝文護照！
（可延用至下學期）

票價｜憑票免費入場，免費索票

線上索票｜https://www.surveycake.com/s/78AQA

線下索票地點｜

📣交大索票地點📣
二餐小七、女二全家、十三舍小七、綜一奶廚、浩然B1藝文空間、小木屋鬆餅、麗文書局、浩然圖書館2F大廳電梯旁

📣清大索票地點📣
水木書苑、斯麥爾咖啡

📣新竹市校外索票地點📣
新竹演藝廳、貳貳柒 Lab 227、敦煌書局新竹營業所、江山藝改所、清大對面的路易莎咖啡、清夜星巴克、三層山、小舞台、墨咖啡、新竹美術館、風徐徐homebibi、續日、大同108舊城再生基地 - 或者文史書房

📣新竹縣校外索票地點📣
新竹高鐵站摩斯漢堡、或者書店",F,0,13,2020-12-12T05:23:15.532Z,2020-12-12T05:23:15.532Z,hsinchu,https://www.dcard.tw/f/hsinchu/p/234966917,dcard,post,到了大四藝文護照都還沒過嗎原來交大有外文系嗎公演是營隊之夜抓馬那種表演嗎如果有以上疑問那就千萬別錯過一年一度的外文盛事畢業公演啦即將在下周五六於中正堂舉辦的外文畢業公演是濃縮了同學們四年來從文學中獲得的養分除此之外更由專業的劇場老師們指導精心策劃各個細節只為了將最好的呈現給所有觀眾本次演出的劇本為愛德華阿爾比的三個高女人劇中角色雖然在第一幕看似是互相獨立的個體話語犀利針鋒相對但在短短的一二幕間角色之間的關係產生了變化這三個女人在兩小時間共同經歷了些什麼從對話中書寫彼此的經歷傷痛直至釋懷與和解人生的酸甜苦辣你我都能感同身受不也是一種孤味我們誠摯邀請各位在這兩天與我們共同在戲院中享受一場探討人性共鳴生死意義的劇場時光臉書粉專三個高女人預告片交大外文級畢業公演三個高女人劇作家愛德華阿爾比演出時間五開演一般票入場入場六開演一般票入場入場演出地點國立交通大學中正堂藝文護照演出結束可至櫃台領取觀演證明小卡即可算進藝文護照可延用至下學期票價憑票免費入場免費索票線上索票線下索票地點交大索票地點二餐小七女二全家十三舍小七綜一奶廚浩然藝文空間小木屋鬆餅麗文書局浩然圖書館大廳電梯旁清大索票地點水木書苑斯麥爾咖啡新竹市校外索票地點新竹演藝廳貳貳柒敦煌書局新竹營業所江山藝改所清大對面的路易莎咖啡清夜星巴克三層山小舞台墨咖啡新竹美術館風徐徐續日大同舊城再生基地或者文史書房新竹縣校外索票地點新竹高鐵站摩斯漢堡或者書店,"['到', '了', '大四', '藝文', '護照', '都', '還', '沒', '過', '嗎', '原來', '交大', '有', '外文系', '嗎', '公演', '是', '營隊', '之', '夜抓馬', '那', '種', '表演', '嗎', '如果', '有', '以上', '疑問', '那', '就', '千萬', '別', '錯過', '一年', '一', '度', '的', '外文', '盛事', '畢業', '公演', '啦', '即將', '在下', '周', '五六', '於', '中正堂', '舉辦', '的', '外文', '畢業', '公演', '是', '濃縮', '了', '同學們', '四年', '來', '從', '文學', '中', '獲得', '的', '養分', '除此之外', '更', '由', '專業', '的', '劇場', '老師', '們', '指導', '精心', '策劃', '各', '個', '細節', '只', '為了', '將', '最好', '的', '呈現給', '所有', '觀眾', '本', '次', '演出', '的', '劇本', '為', '愛德華阿爾比', '的', '三', '個', '高', '女人劇', '中', '角色', '雖然', '在', '第一', '幕', '看似', '是', '互相', '獨立', '的', '個體', '話語', '犀利', '針鋒相對', '但', '在', '短短', '的', '一二', '幕', '間', '角色', '之間', '的', '關係', '產生', '了', '變化', '這', '三', '個', '女人', '在', '兩', '小', '時間', '共同', '經歷', '了', '些', '什麼', '從', '對話', '中', '書寫', '彼此', '的', '經歷', '傷痛', '直至', '釋懷', '與', '和解', '人生', '的', '酸甜苦辣', '你我', '都', '能', '感同身受', '不', '也', '是', '一', '種', '孤味', '我們', '誠摯', '邀請', '各位', '在', '這', '兩', '天', '與', '我們', '共同', '在', '戲院', '中', '享受', '一', '場', '探討', '人性', '共鳴', '生死', '意義', '的', '劇場', '時光', '臉', '書', '粉專', '三', '個', '高', '女人', '預告片', '交大', '外文級', '畢業', '公演', '三', '個', '高', '女人', '劇作家', '愛德華阿爾比', '演出', '時間', '五', '開演', '一般', '票', '入場', '入場', '六', '開演', '一般', '票', '入場', '入場', '演出', '地點', '國立', '交通', '大學', '中正堂', '藝文', '護照', '演出', '結束', '可', '至', '櫃台', '領取', '觀', '演', '證明', '小卡', '即可', '算進', '藝文', '護照', '可', '延用', '至', '下', '學期', '票價', '憑', '票', '免費', '入場', '免費', '索', '票', '線上', '索', '票', '線', '下', '索', '票', '地點', '交大', '索', '票', '地點', '二', '餐', '小七', '女二', '全家', '十三', '舍', '小七', '綜一奶廚', '浩然', '藝文', '空間', '小木屋', '鬆餅', '麗', '文書局', '浩然', '圖書館', '大廳', '電梯', '旁', '清大', '索', '票', '地點', '水木', '書苑斯麥爾', '咖啡', '新竹市', '校', '外', '索', '票', '地點', '新竹', '演藝廳', '貳貳柒', '敦煌', '書局', '新竹', '營業所', '江山', '藝改所', '清大', '對面', '的', '路易莎', '咖啡', '清夜星', '巴克', '三', '層', '山', '小', '舞台', '墨', '咖啡', '新竹', '美術館', '風', '徐徐', '續', '日大', '同', '舊', '城', '再生', '基地', '或者', '文史', '書房', '新竹縣', '校', '外', '索', '票', '地點', '新竹', '高鐵', '站摩斯', '漢堡', '或者', '書店']","['大四', '藝文', '護照', '原來', '交大', '外文系', '公演', '營隊', '夜抓馬', '種', '表演', '以上', '疑問', '錯過', '一年', '度', '外文', '盛事', '畢業', '公演', '周', '五六', '中正堂', '舉辦', '外文', '畢業', '公演', '濃縮', '同學們', '四年', '文學', '中', '獲得', '養分', '專業', '劇場', '老師', '指導', '精心', '策劃', '細節', '只', '最好', '呈現給', '所有', '觀眾', '次', '演出', '劇本', '愛德華阿爾比', '高', '女人劇', '中', '角色', '第一', '幕', '看似', '獨立', '個體', '話語', '犀利', '針鋒相對', '短短', '一二', '幕', '間', '角色', '之間', '關係', '產生', '變化', '女人', '兩', '小', '時間', '共同', '經歷', '些', '對話', '中', '書寫', '經歷', '傷痛', '直至', '釋懷', '和解', '人生', '酸甜苦辣', '你我', '感同身受', '種', '孤味', '誠摯', '邀請', '兩', '天', '共同', '戲院', '中', '享受', '場', '探討', '人性', '共鳴', '生死', '意義', '劇場', '時光', '臉', '書', '粉專', '高', '女人', '預告片', '交大', '外文級', '畢業', '公演', '高', '女人', '劇作家', '愛德華阿爾比', '演出', '時間', '開演', '票', '入場', '入場', '開演', '票', '入場', '入場', '演出', '地點', '國立', '交通', '大學', '中正堂', '藝文', '護照', '演出', '結束', '櫃台', '領取', '觀', '演', '證明', '小卡', '即可', '算進', '藝文', '護照', '延用', '下', '學期', '票價', '票', '免費', '入場', '免費', '索', '票', '線上', '索', '票', '線', '下', '索', '票', '地點', '交大', '索', '票', '地點', '餐', '小七', '女二', '全家', '十三', '舍', '小七', '綜一奶廚', '浩然', '藝文', '空間', '小木屋', '鬆餅', '麗', '文書局', '浩然', '圖書館', '大廳', '電梯', '旁', '清大', '索', '票', '地點', '水木', '書苑斯麥爾', '咖啡', '新竹市', '校', '外', '索', '票', '地點', '新竹', '演藝廳', '貳貳柒', '敦煌', '書局', '新竹', '營業所', '江山', '藝改所', '清大', '對面', '路易莎', '咖啡', '清夜星', '巴克', '層', '山', '小', '舞台', '墨', '咖啡', '新竹', '美術館', '風', '徐徐', '續', '日大', '舊', '城', '再生', '基地', '文史', '書房', '新竹縣', '校', '外', '索', '票', '地點', '新竹', '高鐵', '站摩斯', '漢堡', '書店']","['票', '索', '地點']",positive
25,234963451,＃閒聊 新竹縣感覺很低調餒😅,"我是高雄人對北部並不熟悉
(因為主要生活圈都在南部這樣)
新聞上都只看到新竹市和被炒紅的苗栗比較多
新竹縣好像就沒那麼熱絡
連縣長也滿少出現的🤔
我對新竹縣的記憶有柿餅(忘了是北埔還是新埔
還有竹北的生醫園區和臺鐵一直打廣告的內灣線
想問問新竹縣人對新竹縣的想法
還有新竹縣有推什麼觀光景點嗎？
希望新竹人不要砲我><
只是單純想了解關於新竹縣的看法～

ps. 如果有說錯什麼也歡迎糾正唷～
      歡迎大家一起來討論新竹

順便恭喜版主 新竹版開版🥳",M,18,15,2020-12-11T13:28:28.019Z,2020-12-12T04:22:51.801Z,hsinchu,https://www.dcard.tw/f/hsinchu/p/234963451,dcard,post,我是高雄人對北部並不熟悉因為主要生活圈都在南部這樣新聞上都只看到新竹市和被炒紅的苗栗比較多新竹縣好像就沒那麼熱絡連縣長也滿少出現的我對新竹縣的記憶有柿餅忘了是北埔還是新埔還有竹北的生醫園區和臺鐵一直打廣告的內灣線想問問新竹縣人對新竹縣的想法還有新竹縣有推什麼觀光景點嗎希望新竹人不要砲我只是單純想了解關於新竹縣的看法如果有說錯什麼也歡迎糾正唷歡迎大家一起來討論新竹順便恭喜版主新竹版開版,"['我', '是', '高雄人', '對', '北部', '並', '不', '熟悉', '因為', '主要', '生活圈', '都', '在', '南部', '這樣', '新聞', '上', '都', '只', '看到', '新竹市', '和', '被', '炒紅', '的', '苗栗', '比', '較多', '新竹縣', '好像', '就', '沒', '那麼', '熱絡', '連', '縣長', '也', '滿少', '出現', '的', '我', '對', '新竹縣', '的', '記憶', '有', '柿餅', '忘', '了', '是', '北埔', '還是', '新埔', '還', '有', '竹北', '的', '生醫', '園區', '和', '臺鐵', '一直', '打廣告', '的', '內灣', '線想', '問問', '新竹縣人', '對', '新竹縣', '的', '想法', '還', '有', '新竹縣', '有', '推', '什麼', '觀光', '景點', '嗎', '希望', '新竹人', '不要', '砲', '我', '只是', '單純', '想', '了解', '關於', '新竹縣', '的', '看法', '如果', '有', '說錯', '什麼', '也', '歡迎', '糾正', '唷', '歡迎', '大家', '一起', '來', '討論', '新竹', '順便', '恭喜', '版主', '新竹', '版開', '版']","['高雄人', '北部', '熟悉', '主要', '生活圈', '南部', '新聞', '只', '看到', '新竹市', '炒紅', '苗栗', '較多', '新竹縣', '好像', '熱絡', '縣長', '滿少', '出現', '新竹縣', '記憶', '柿餅', '忘', '北埔', '新埔', '竹北', '生醫', '園區', '臺鐵', '一直', '打廣告', '內灣', '線想', '問問', '新竹縣人', '新竹縣', '想法', '新竹縣', '推', '觀光', '景點', '希望', '新竹人', '砲', '想', '了解', '新竹縣', '看法', '說錯', '歡迎', '糾正', '唷', '歡迎', '一起', '討論', '新竹', '順便', '恭喜', '版主', '新竹', '版開', '版']",[],positive
26,234961548,#其他 廢止「禁止住戶飼養動物」急需大家連署附議,"👉廢止《公寓大廈管理條例》第23條允許社區另訂規約「禁止住戶飼養動物」之規定，另加強飼主的權利義務之規定，如:不得於公共區域大小便溺、不得飼養具高度攻擊性、不得影響社區安寧..等。

🐶寵物也是家人，政府鼓勵領養代替購買以解決流浪貓狗收容量的問題，住宅大廈若禁止養寵物則是 ❌治標不治本

✅養寵物住戶應主動明訂養寵物的權利義務，如:不得於公共區域大小便溺、不得飼養具高度攻擊性、不得影響社區安寧..等，做好敦親睦鄰，提升對於寵物飼養的正確觀念才是解決問題的根本之道。
有任何想法也歡迎在下面理性討論呦

‼️剩下最後9天了 還差4千多個附議
如果你/妳也認同 希望得到你們的附議
也希望大家分享出去
點擊下面連結即可附議
https://join.gov.tw/idea/detail/e211d758-64e1-4c6f-9d99-70f526b1f376",M,0,28,2020-12-11T07:50:49.608Z,2020-12-11T10:03:18.375Z,hsinchu,https://www.dcard.tw/f/hsinchu/p/234961548,dcard,post,廢止公寓大廈管理條例第條允許社區另訂規約禁止住戶飼養動物之規定另加強飼主的權利義務之規定如不得於公共區域大小便溺不得飼養具高度攻擊性不得影響社區安寧等寵物也是家人政府鼓勵領養代替購買以解決流浪貓狗收容量的問題住宅大廈若禁止養寵物則是治標不治本養寵物住戶應主動明訂養寵物的權利義務如不得於公共區域大小便溺不得飼養具高度攻擊性不得影響社區安寧等做好敦親睦鄰提升對於寵物飼養的正確觀念才是解決問題的根本之道有任何想法也歡迎在下面理性討論呦剩下最後天了還差千多個附議如果你妳也認同希望得到你們的附議也希望大家分享出去點擊下面連結即可附議,"['廢止', '公寓', '大廈', '管理', '條例', '第條', '允許', '社區', '另', '訂', '規約', '禁止', '住戶', '飼養', '動物', '之', '規定', '另', '加強', '飼主', '的', '權利', '義務', '之', '規定', '如', '不得', '於', '公共', '區域', '大小', '便溺', '不得', '飼養', '具', '高度', '攻擊性', '不得', '影響', '社區', '安寧', '等', '寵物', '也', '是', '家人', '政府', '鼓勵', '領養', '代替', '購買', '以', '解決', '流浪', '貓', '狗', '收容', '量', '的', '問題', '住宅', '大廈', '若', '禁止', '養', '寵物', '則', '是', '治標', '不', '治本', '養', '寵物', '住戶', '應', '主動', '明訂', '養', '寵物', '的', '權利', '義務', '如', '不得', '於', '公共', '區域', '大小', '便溺', '不得', '飼養', '具', '高度', '攻擊性', '不得', '影響', '社區', '安寧', '等', '做好', '敦親睦鄰', '提升', '對於', '寵物', '飼養', '的', '正確', '觀念', '才', '是', '解決', '問題', '的', '根本', '之', '道', '有', '任何', '想法', '也', '歡迎', '在', '下面', '理性', '討論', '呦', '剩下', '最', '後天', '了', '還', '差', '千多', '個', '附議', '如果', '你', '妳', '也', '認同', '希望', '得到', '你們', '的', '附議', '也', '希望', '大家', '分享', '出去', '點擊', '下面', '連結', '即可', '附議']","['廢止', '公寓', '大廈', '管理', '條例', '第條', '允許', '社區', '訂', '規約', '禁止', '住戶', '飼養', '動物', '規定', '加強', '飼主', '權利', '義務', '規定', '公共', '區域', '大小', '便溺', '飼養', '具', '高度', '攻擊性', '影響', '社區', '安寧', '寵物', '家人', '政府', '鼓勵', '領養', '代替', '購買', '解決', '流浪', '貓', '狗', '收容', '量', '問題', '住宅', '大廈', '禁止', '養', '寵物', '治標', '治本', '養', '寵物', '住戶', '應', '主動', '明訂', '養', '寵物', '權利', '義務', '公共', '區域', '大小', '便溺', '飼養', '具', '高度', '攻擊性', '影響', '社區', '安寧', '做好', '敦親睦鄰', '提升', '寵物', '飼養', '正確', '觀念', '解決', '問題', '根本', '道', '想法', '歡迎', '下面', '理性', '討論', '呦', '剩下', '最', '後天', '差', '千多', '附議', '妳', '認同', '希望', '得到', '附議', '希望', '分享', '點擊', '下面', '連結', '即可', '附議']","['寵物', '飼養', '社區']",positive
27,234961494,#其他 新竹版開版嘍！！！,"新竹版終於開版啦🎉🎉🎉
歡迎大家踴躍在這邊發文 
一起把新竹的各種大大小小新舊事物分享出去呦",M,1,15,2020-12-11T07:40:56.564Z,2020-12-11T07:51:30.393Z,hsinchu,https://www.dcard.tw/f/hsinchu/p/234961494,dcard,post,新竹版終於開版啦歡迎大家踴躍在這邊發文一起把新竹的各種大大小小新舊事物分享出去呦,"['新竹版', '終於', '開版', '啦', '歡迎', '大家', '踴躍', '在', '這邊', '發文', '一起', '把', '新竹', '的', '各', '種', '大大小小', '新舊', '事物', '分享', '出去', '呦']","['新竹版', '終於', '開版', '歡迎', '踴躍', '發文', '一起', '新竹', '種', '大大小小', '新舊', '事物', '分享', '呦']",[],positive
28,234957677,#新聞 剛剛地震大家還好嗎😱,"看電影看到一半完全不知道要不要跑😬😬😬
https://i.imgur.com/mOEwdoO.jpg",M,0,6,2020-12-10T15:28:44.520Z,2020-12-10T15:28:44.520Z,hsinchu,https://www.dcard.tw/f/hsinchu/p/234957677,dcard,post,看電影看到一半完全不知道要不要跑,"['看電影', '看到', '一半', '完全', '不', '知道', '要不要', '跑']","['看電影', '看到', '一半', '完全', '知道', '要不要', '跑']",[],positive
