,comment_id,post_id,floor,comment_content,gender,like_count,created_at,updated_at,alias,url,source,type,clean_txt,token,no_stop,keywords,sentiment
0,5902f727-41b9-4dd5-b8f7-42fa0a15d771,235065017,1,嗨，我竹東人，新竹市的幾家醫院大體來說比較好沒錯，不過如果是定期回診或比較長期關注的疾病狀況，我想竹東臺大分院或榮總應該也都很夠用了。,M,1.0,2020-12-28T04:27:08.633Z,2020-12-28T04:27:08.633Z,hsinchu,https://www.dcard.tw/f/hsinchu/p/235065017,dcard,comment,嗨我竹東人新竹市的幾家醫院大體來說比較好沒錯不過如果是定期回診或比較長期關注的疾病狀況我想竹東臺大分院或榮總應該也都很夠用了,"['嗨', '我', '竹東人', '新竹市', '的', '幾', '家', '醫院', '大體', '來', '說', '比較', '好', '沒', '錯', '不過', '如果', '是', '定期', '回診', '或', '比較', '長期', '關注', '的', '疾病', '狀況', '我', '想', '竹東', '臺大', '分院', '或', '榮總', '應該', '也', '都', '很', '夠', '用', '了']","['嗨', '竹東人', '新竹市', '家', '醫院', '說', '比較', '好', '錯', '定期', '回診', '比較', '長期', '關注', '疾病', '狀況', '想', '竹東', '臺大', '分院', '榮總', '應該', '夠']",[],negative
1,b7e63c5d-b144-4b3a-a1b9-83eb9c172702,235065017,2,"通常去台大
前幾年剛開一個竹北中國醫
看起來設備很好的樣子 （我是沒去過）

但我覺得醫院不是重點 
你先挑幾個醫師看他的評價
選評價好又方便你定期回診的醫師才是重點",M,2.0,2020-12-28T05:41:53.594Z,2020-12-28T05:42:10.471Z,hsinchu,https://www.dcard.tw/f/hsinchu/p/235065017,dcard,comment,通常去台大前幾年剛開一個竹北中國醫看起來設備很好的樣子我是沒去過但我覺得醫院不是重點你先挑幾個醫師看他的評價選評價好又方便你定期回診的醫師才是重點,"['通常', '去', '台大', '前', '幾年', '剛', '開', '一', '個', '竹北', '中', '國醫', '看起來', '設備', '很', '好', '的', '樣子', '我', '是', '沒', '去', '過', '但', '我', '覺得', '醫院', '不', '是', '重點', '你', '先', '挑', '幾', '個', '醫師', '看', '他', '的', '評價', '選', '評價', '好', '又', '方便', '你', '定期', '回診', '的', '醫師', '才', '是', '重點']","['通常', '台大', '前', '幾年', '開', '竹北', '中', '國醫', '設備', '好', '樣子', '覺得', '醫院', '重點', '先', '挑', '醫師', '評價', '選', '評價', '好', '方便', '定期', '回診', '醫師', '重點']",[],positive
2,ace12108-caa3-4665-a0c2-0f83cec71621,235065017,3,"竹東兩家大醫院都不推
市區馬偕可以",M,0.0,2020-12-28T12:03:55.813Z,2020-12-28T12:03:55.813Z,hsinchu,https://www.dcard.tw/f/hsinchu/p/235065017,dcard,comment,竹東兩家大醫院都不推市區馬偕可以,"['竹東', '兩', '家', '大', '醫院', '都', '不', '推', '市區', '馬偕', '可以']","['竹東', '兩', '家', '醫院', '推', '市區', '馬偕']",[],neutral
3,dc840e28-a3b0-463e-9f60-eecc1aee263a,235062843,1,通常單卸指甲都蠻貴的,F,0.0,2020-12-27T17:22:23.650Z,2020-12-27T17:22:23.650Z,hsinchu,https://www.dcard.tw/f/hsinchu/p/235062843,dcard,comment,通常單卸指甲都蠻貴的,"['通常', '單', '卸', '指甲', '都', '蠻', '貴', '的']","['通常', '卸', '指甲', '貴']",[],neutral
4,244f53fc-6e5c-4070-adc6-38f4173b0814,235061507,1,因為有人打電話報案,M,0.0,2020-12-27T13:49:48.721Z,2020-12-27T13:49:56.436Z,hsinchu,https://www.dcard.tw/f/hsinchu/p/235061507,dcard,comment,因為有人打電話報案,"['因為', '有', '人', '打電話', '報案']","['人', '打電話', '報案']",[],neutral
5,c5371d02-8456-4c28-a50b-fa15dc8947e2,235061507,2,因為有火災…,F,0.0,2020-12-27T14:34:29.556Z,2020-12-27T14:34:29.556Z,hsinchu,https://www.dcard.tw/f/hsinchu/p/235061507,dcard,comment,因為有火災,"['因為', '有', '火災']",['火災'],[],negative
6,f0263a69-9c79-45ba-882b-42fa9b6ba642,235061507,3,https://i.imgur.com/qLUwwBZ.jpg,F,0.0,2020-12-27T15:35:23.550Z,2020-12-27T15:35:23.550Z,hsinchu,https://www.dcard.tw/f/hsinchu/p/235061507,dcard,comment,,,[],[],neutral
7,a4a416c1-1e16-4e7a-b1c0-b7a2b61b38a6,235061507,4,B2 不然是聚餐？,M,1.0,2020-12-27T16:30:26.207Z,2020-12-27T16:30:26.207Z,hsinchu,https://www.dcard.tw/f/hsinchu/p/235061507,dcard,comment,不然是聚餐,"['不然', '是', '聚餐']",['聚餐'],[],neutral
8,a3c0dcbf-a7b5-4541-b63b-6ddaa170eda4,235061507,5,"B4 無語，我人當時在現場才這樣回你…
https://i.imgur.com/WeyTPXy.jpg",F,1.0,2020-12-27T17:14:30.359Z,2020-12-27T17:14:30.359Z,hsinchu,https://www.dcard.tw/f/hsinchu/p/235061507,dcard,comment,無語我人當時在現場才這樣回你,"['無語', '我人', '當時', '在', '現場', '才', '這樣', '回', '你']","['無語', '我人', '當時', '現場', '回']",[],negative
9,2ee649ee-418d-44d8-9668-c7b94011a278,235061507,6,B5 我也是人在現場才這樣發文問人...,M,0.0,2020-12-28T02:59:38.351Z,2020-12-28T02:59:38.351Z,hsinchu,https://www.dcard.tw/f/hsinchu/p/235061507,dcard,comment,我也是人在現場才這樣發文問人,"['我', '也', '是', '人', '在', '現場', '才', '這樣', '發文', '問', '人']","['人', '現場', '發文', '問', '人']",[],neutral
10,d2823e68-de30-4bd8-bca4-398dc6b6b304,235058998,1,尖石？,M,1.0,2020-12-27T05:12:10.314Z,2020-12-27T05:12:10.314Z,hsinchu,https://www.dcard.tw/f/hsinchu/p/235058998,dcard,comment,尖石,['尖石'],['尖石'],[],neutral
11,89be31c1-fa49-4229-9f8e-500bd5510b88,235058998,2,尖石美人湯,M,1.0,2020-12-27T06:23:58.211Z,2020-12-27T06:23:58.211Z,hsinchu,https://www.dcard.tw/f/hsinchu/p/235058998,dcard,comment,尖石美人湯,"['尖石', '美人', '湯']","['尖石', '美人', '湯']",[],positive
12,9373810a-e505-4f2c-851d-21238051ec66,235058998,3,最近就是尖石的溫泉了,M,0.0,2020-12-27T16:20:25.958Z,2020-12-27T16:20:25.958Z,hsinchu,https://www.dcard.tw/f/hsinchu/p/235058998,dcard,comment,最近就是尖石的溫泉了,"['最近', '就是', '尖石', '的', '溫泉', '了']","['最近', '尖石', '溫泉']",[],neutral
13,371f0db9-405c-4dbf-91a9-bcac8e708707,235058998,4,估狗新竹溫泉 應該有吧？？,M,0.0,2020-12-28T03:17:29.060Z,2020-12-28T03:17:29.060Z,hsinchu,https://www.dcard.tw/f/hsinchu/p/235058998,dcard,comment,估狗新竹溫泉應該有吧,"['估狗', '新竹', '溫泉', '應該', '有', '吧']","['估狗', '新竹', '溫泉', '應該']",[],neutral
14,e92a2e31-6e1c-4445-9578-c2d8dc4f10a1,235058848,1,如何一起去,M,0.0,2020-12-27T09:27:34.281Z,2020-12-27T09:27:34.281Z,hsinchu,https://www.dcard.tw/f/hsinchu/p/235058848,dcard,comment,如何一起去,"['如何', '一起', '去']",['一起'],[],neutral
15,bb7516d9-ebc8-4857-870f-04344f408922,235058848,2,可以啊,F,0.0,2020-12-27T11:10:10.263Z,2020-12-27T11:10:10.263Z,hsinchu,https://www.dcard.tw/f/hsinchu/p/235058848,dcard,comment,可以啊,"['可以', '啊']",[],[],neutral
16,cb21d03e-b09e-4c99-89d8-73847324300c,235058848,3,雖然報名了，但也很好奇,M,0.0,2020-12-27T11:31:31.732Z,2020-12-27T11:31:31.732Z,hsinchu,https://www.dcard.tw/f/hsinchu/p/235058848,dcard,comment,雖然報名了但也很好奇,"['雖然', '報名', '了', '但', '也', '很', '好奇']","['報名', '好奇']",[],positive
17,c382a731-cdd6-4bab-a08e-14e7e47ca6fe,235058848,4,B3好奇什麼🤔,F,0.0,2020-12-27T11:56:17.120Z,2020-12-27T11:56:17.120Z,hsinchu,https://www.dcard.tw/f/hsinchu/p/235058848,dcard,comment,好奇什麼,"['好奇', '什麼']",['好奇'],[],positive
18,13ad1a41-9a9d-47f1-b28b-7c66ab1ecc2e,235058848,5,B4 到時候要如何一起去？電話通知嗎？🤔,M,0.0,2020-12-27T13:03:50.703Z,2020-12-27T13:03:50.703Z,hsinchu,https://www.dcard.tw/f/hsinchu/p/235058848,dcard,comment,到時候要如何一起去電話通知嗎,"['到時候', '要', '如何', '一起', '去', '電話', '通知', '嗎']","['到時候', '一起', '電話', '通知']",[],positive
19,e8d77222-b5db-4b41-a7a7-d0f2733e55bf,235058848,6,"B5你應該搞錯了那是跨年實名制的網頁
要一起的話？",F,0.0,2020-12-27T20:40:49.199Z,2020-12-27T20:40:49.199Z,hsinchu,https://www.dcard.tw/f/hsinchu/p/235058848,dcard,comment,你應該搞錯了那是跨年實名制的網頁要一起的話,"['你', '應該', '搞錯', '了', '那', '是', '跨年', '實名制', '的', '網頁', '要', '一起', '的', '話']","['應該', '搞錯', '跨年', '實名制', '網頁', '一起', '話']",[],neutral
20,0b322ef2-bde8-482e-bd0b-8754f5cb49c5,235058848,7,"B6 ！！原來是跨年實名制登記🥺
那妳說的要一起是想怎麼約呢？🥺",M,0.0,2020-12-27T23:03:28.767Z,2020-12-27T23:03:28.767Z,hsinchu,https://www.dcard.tw/f/hsinchu/p/235058848,dcard,comment,原來是跨年實名制登記那妳說的要一起是想怎麼約呢,"['原來', '是', '跨年', '實名制', '登記', '那', '妳', '說', '的', '要', '一起', '是', '想', '怎麼', '約', '呢']","['原來', '跨年', '實名制', '登記', '妳', '說', '一起', '想', '約']",[],neutral
21,5c7c804a-cc52-4a66-a92a-a394f431bce5,235058848,8,跨年一個人,M,0.0,2020-12-27T23:32:08.828Z,2020-12-27T23:32:08.828Z,hsinchu,https://www.dcard.tw/f/hsinchu/p/235058848,dcard,comment,跨年一個人,"['跨年', '一', '個', '人']","['跨年', '人']",[],neutral
22,1d920065-e1c6-4a9b-942c-a8ac712b0ff6,235058848,9,來約,M,0.0,2020-12-28T01:12:17.016Z,2020-12-28T01:12:17.016Z,hsinchu,https://www.dcard.tw/f/hsinchu/p/235058848,dcard,comment,來約,"['來', '約']",['約'],[],neutral
23,6cdeb5bf-71f6-44cb-82c3-27c246e2e460,235058848,10,B9 約,M,0.0,2020-12-28T02:01:13.024Z,2020-12-28T02:01:13.024Z,hsinchu,https://www.dcard.tw/f/hsinchu/p/235058848,dcard,comment,約,約,['約'],[],neutral
24,7d24249a-3bf3-4b14-90ff-1d02d3c7c381,235058848,11,B8 我們可以一起,M,0.0,2020-12-28T02:01:33.878Z,2020-12-28T02:01:33.878Z,hsinchu,https://www.dcard.tw/f/hsinchu/p/235058848,dcard,comment,我們可以一起,"['我們', '可以', '一起']",['一起'],[],neutral
25,abf273f4-6432-4e8c-840a-5737cefed286,235058848,12,"一起約別的仙女是嗎 
我開車載你 其他你處理B11",M,0.0,2020-12-28T02:39:28.758Z,2020-12-28T02:39:28.758Z,hsinchu,https://www.dcard.tw/f/hsinchu/p/235058848,dcard,comment,一起約別的仙女是嗎我開車載你其他你處理,"['一起', '約', '別的', '仙女', '是', '嗎', '我', '開車', '載', '你', '其他', '你', '處理']","['一起', '約', '仙女', '開車', '載', '處理']",[],neutral
26,62791d2b-8b94-4ca0-ba76-62ce22afd4e8,235058848,13,B12 我處理的話，我怕就剩我們兩個，我們還是交給 B6 好了,M,1.0,2020-12-28T02:58:45.764Z,2020-12-28T02:58:45.764Z,hsinchu,https://www.dcard.tw/f/hsinchu/p/235058848,dcard,comment,我處理的話我怕就剩我們兩個我們還是交給好了,"['我', '處理', '的', '話', '我', '怕', '就', '剩', '我們', '兩', '個', '我們', '還是', '交給', '好了']","['處理', '話', '剩', '兩', '交給', '好了']",[],neutral
27,0d011778-9813-402e-989b-c642e54845e2,235058848,14,板上ㄉ大家一起來啊敢不敢,M,0.0,2020-12-28T03:16:28.538Z,2020-12-28T03:16:28.538Z,hsinchu,https://www.dcard.tw/f/hsinchu/p/235058848,dcard,comment,板上大家一起來啊敢不敢,"['板', '上', '大家', '一起', '來', '啊', '敢', '不', '敢']","['板', '一起']",[],neutral
28,11806123-79a2-48b4-9f8f-3397da35ce1c,235058848,15,B14 等你約,M,0.0,2020-12-28T05:31:46.670Z,2020-12-28T05:31:46.670Z,hsinchu,https://www.dcard.tw/f/hsinchu/p/235058848,dcard,comment,等你約,"['等', '你', '約']",['約'],[],neutral
29,e0c69844-1b08-4e81-915a-6eedd920fa81,235055493,1,,,,2020-12-26T13:53:50.686Z,2020-12-26T13:54:10.402Z,hsinchu,https://www.dcard.tw/f/hsinchu/p/235055493,dcard,comment,,,[],[],neutral
30,fba4374e-d9b6-4e0f-8834-16159729ac5d,235055493,2,請問如何預約呢,F,0.0,2020-12-26T17:05:28.655Z,2020-12-26T17:05:28.655Z,hsinchu,https://www.dcard.tw/f/hsinchu/p/235055493,dcard,comment,請問如何預約呢,"['請問', '如何', '預約', '呢']","['請問', '預約']",[],neutral
31,60166117-16c4-4019-b828-3f270afdfb43,235055493,3,,,,2020-12-26T19:14:00.079Z,2020-12-28T07:54:14.632Z,hsinchu,https://www.dcard.tw/f/hsinchu/p/235055493,dcard,comment,,,[],[],neutral
32,5d3ddbc9-0103-4525-b7a8-25274d26175f,235055493,4,我想要～請問如何預約？,F,0.0,2020-12-28T09:21:58.675Z,2020-12-28T09:21:58.675Z,hsinchu,https://www.dcard.tw/f/hsinchu/p/235055493,dcard,comment,我想要請問如何預約,"['我', '想要', '請問', '如何', '預約']","['想要', '請問', '預約']",[],neutral
33,3ba346e9-56e9-486a-9cf6-6b4ebe77ccd1,235051228,1,"聯園活動中心 
一整天不限時間 入場費100元
裡面有羽球場、籃球場、重訓室、桌球桌、撞球桌、跑步機、飛輪
可免費借羽球拍、籃球、桌球拍和撞球、撞球竿",M,2.0,2020-12-25T16:35:32.562Z,2020-12-25T16:37:00.766Z,hsinchu,https://www.dcard.tw/f/hsinchu/p/235051228,dcard,comment,聯園活動中心一整天不限時間入場費元裡面有羽球場籃球場重訓室桌球桌撞球桌跑步機飛輪可免費借羽球拍籃球桌球拍和撞球撞球竿,"['聯園', '活動中心', '一', '整', '天', '不', '限時', '間', '入場費', '元', '裡面', '有', '羽球場', '籃球場', '重訓室', '桌球', '桌', '撞球', '桌', '跑步機', '飛輪', '可', '免費', '借', '羽球', '拍', '籃球', '桌球', '拍', '和', '撞球', '撞球', '竿']","['聯園', '活動中心', '整', '天', '限時', '間', '入場費', '元', '裡面', '羽球場', '籃球場', '重訓室', '桌球', '桌', '撞球', '桌', '跑步機', '飛輪', '免費', '羽球', '拍', '籃球', '桌球', '拍', '撞球', '撞球', '竿']",[],positive
34,d53e3402-72a3-4538-9e81-3fcdd7e3317d,235051228,2,B1 好欸！謝謝你！！！是有需要辦球證什麼的嗎？,F,1.0,2020-12-25T18:20:18.365Z,2020-12-25T18:20:18.365Z,hsinchu,https://www.dcard.tw/f/hsinchu/p/235051228,dcard,comment,好欸謝謝你是有需要辦球證什麼的嗎,"['好', '欸', '謝謝', '你', '是', '有', '需要', '辦', '球證', '什麼', '的', '嗎']","['好', '欸', '謝謝', '需要', '辦', '球證']",[],positive
35,0d8729d2-57e8-457b-b476-10a777cff562,235051228,3,"B2 不用 算單次計費（100元）
想辦會員的話 月卡1000元
意思就是如果妳一個月內
會去超過10次 月卡會比較划算",M,1.0,2020-12-26T00:57:35.866Z,2020-12-26T00:57:35.866Z,hsinchu,https://www.dcard.tw/f/hsinchu/p/235051228,dcard,comment,不用算單次計費元想辦會員的話月卡元意思就是如果妳一個月內會去超過次月卡會比較划算,"['不用', '算', '單', '次', '計費', '元', '想', '辦', '會員', '的', '話', '月卡元', '意思', '就是', '如果', '妳', '一', '個', '月', '內', '會', '去', '超過', '次', '月', '卡', '會', '比較', '划算']","['不用', '算', '次', '計費', '元', '想', '辦', '會員', '話', '月卡元', '意思', '妳', '月', '超過', '次', '月', '卡', '比較', '划算']",[],negative
36,21eb0011-1583-48ea-8a3e-1057dbb11fb4,235045735,1,湖口工業區內的小7蠻缺的喔,M,1.0,2020-12-25T08:43:11.542Z,2020-12-25T08:43:11.542Z,hsinchu,https://www.dcard.tw/f/hsinchu/p/235045735,dcard,comment,湖口工業區內的小蠻缺的喔,"['湖口', '工業區', '內', '的', '小', '蠻缺', '的', '喔']","['湖口', '工業區', '小', '蠻缺']",[],neutral
37,246dec6f-877c-4c13-8121-8fbac8b672e3,235045735,2,"Hi,我是位在新竹市區的新竹芙洛麗飯店，食譜自助百匯的副理Nadia

有考慮在餐飲業打工嗎？
歡迎與我聯繫喔！",F,1.0,2020-12-25T09:18:53.696Z,2020-12-25T09:18:53.696Z,hsinchu,https://www.dcard.tw/f/hsinchu/p/235045735,dcard,comment,我是位在新竹市區的新竹芙洛麗飯店食譜自助百匯的副理有考慮在餐飲業打工嗎歡迎與我聯繫喔,"['我', '是', '位在', '新竹', '市區', '的', '新竹', '芙洛麗', '飯店', '食譜', '自助', '百匯', '的', '副理', '有', '考慮', '在', '餐飲業', '打工', '嗎', '歡迎', '與', '我', '聯繫', '喔']","['位在', '新竹', '市區', '新竹', '芙洛麗', '飯店', '食譜', '自助', '百匯', '副理', '考慮', '餐飲業', '打工', '歡迎', '聯繫']",[],positive
38,b6a0c01c-5783-4949-89fd-b13875967d5f,235045735,3,B2 @@你們不是很缺人嗎？近期生意很好,M,0.0,2020-12-25T16:55:56.613Z,2020-12-25T16:55:56.613Z,hsinchu,https://www.dcard.tw/f/hsinchu/p/235045735,dcard,comment,你們不是很缺人嗎近期生意很好,"['你們', '不', '是', '很', '缺', '人', '嗎', '近期', '生意', '很', '好']","['缺', '人', '近期', '生意', '好']",[],neutral
39,f531b68d-2b39-47c4-b183-2cb4d5128321,235045735,4,B3 哈！是啊，你怎麼知道😂,F,0.0,2020-12-25T17:10:29.262Z,2020-12-25T17:10:29.262Z,hsinchu,https://www.dcard.tw/f/hsinchu/p/235045735,dcard,comment,哈是啊你怎麼知道,"['哈', '是', '啊', '你', '怎麼', '知道']",['知道'],[],positive
40,5f0fdfbe-e11d-4a5c-a29e-b6beff10ac31,235045735,5,"B4 貴館有內有同行打電話給小弟😱😱表示要過去最少30張藍色可以談，你們家內外場都缺人XDD

你們都賣餐卷生意，不是太好就大壞最近都很好，我之前去吃飯看到領檯還有副理經理都要收盤子",M,0.0,2020-12-25T17:13:27.860Z,2020-12-25T17:13:27.860Z,hsinchu,https://www.dcard.tw/f/hsinchu/p/235045735,dcard,comment,貴館有內有同行打電話給小弟表示要過去最少張藍色可以談你們家內外場都缺人你們都賣餐卷生意不是太好就大壞最近都很好我之前去吃飯看到領檯還有副理經理都要收盤子,"['貴', '館', '有', '內', '有', '同行', '打電話', '給', '小弟', '表示', '要', '過去', '最少', '張', '藍色', '可以', '談', '你們', '家', '內外', '場', '都', '缺人', '你們', '都', '賣餐卷', '生意', '不', '是', '太', '好', '就', '大', '壞', '最近', '都', '很', '好', '我', '之前', '去', '吃飯', '看到', '領檯', '還', '有', '副理', '經理', '都', '要', '收盤', '子']","['貴', '館', '同行', '打電話', '小弟', '表示', '過去', '最少', '張', '藍色', '談', '家', '內外', '場', '缺人', '賣餐卷', '生意', '太', '好', '壞', '最近', '好', '之前', '吃飯', '看到', '領檯', '副理', '經理', '收盤', '子']",[],neutral
41,88c7cfcf-62ed-4163-96c6-96fbfd1f415a,235045735,6,來我們公司ㄚ 福利不錯唷 我是夜校的～,F,0.0,2020-12-26T09:01:01.175Z,2020-12-26T09:01:01.175Z,hsinchu,https://www.dcard.tw/f/hsinchu/p/235045735,dcard,comment,來我們公司福利不錯唷我是夜校的,"['來', '我們', '公司', '福利', '不錯', '唷', '我', '是', '夜校', '的']","['公司', '福利', '不錯', '唷', '夜校']",[],positive
42,eca1f837-9162-4fa3-b996-21b6092e26df,235045735,7,重複發文？ 路上飲料店，網路518很難找嗎？,F,0.0,2020-12-27T14:56:26.842Z,2020-12-27T14:56:26.842Z,hsinchu,https://www.dcard.tw/f/hsinchu/p/235045735,dcard,comment,重複發文路上飲料店網路很難找嗎,"['重複', '發文', '路', '上', '飲料店', '網路', '很', '難找', '嗎']","['重複', '發文', '路', '飲料店', '網路', '難找']",[],neutral
43,3eeb3865-f184-46df-b688-4b81b8e19684,235045735,8,科學園區內的小七,M,0.0,2020-12-28T08:48:11.496Z,2020-12-28T08:48:11.496Z,hsinchu,https://www.dcard.tw/f/hsinchu/p/235045735,dcard,comment,科學園區內的小七,"['科學園區', '內', '的', '小', '七']","['科學園區', '小']",[],neutral
44,b23baf03-ebe4-473c-b096-ff4731d5f669,235040417,1,"沒有什麼事是第一次就可以做的完美
針對不完美的地方做出更完美的決定
這樣還有什麼好抱怨的？
比起死不認錯，知錯不改的好很多了",M,6.0,2020-12-24T02:49:50.073Z,2020-12-24T02:49:50.073Z,hsinchu,https://www.dcard.tw/f/hsinchu/p/235040417,dcard,comment,沒有什麼事是第一次就可以做的完美針對不完美的地方做出更完美的決定這樣還有什麼好抱怨的比起死不認錯知錯不改的好很多了,"['沒有', '什麼', '事', '是', '第一', '次', '就', '可以', '做', '的', '完美', '針對', '不', '完美', '的', '地方', '做出', '更', '完美', '的', '決定', '這樣', '還', '有', '什麼', '好', '抱怨', '的', '比起', '死', '不', '認錯', '知', '錯', '不', '改', '的', '好', '很多', '了']","['事', '第一', '次', '做', '完美', '針對', '完美', '地方', '做出', '完美', '決定', '好', '抱怨', '死', '認錯', '知', '錯', '改', '好']",[],positive
45,b3554400-27eb-4d9a-a2f7-ad65c4ec36e8,235039017,1,"我不知道草莓的季節是不是現在,地點的話關西比較多採草莓的地方
其他你說要買的話 超市 大賣場都有==",M,1.0,2020-12-24T03:44:35.920Z,2020-12-24T04:25:49.411Z,hsinchu,https://www.dcard.tw/f/hsinchu/p/235039017,dcard,comment,我不知道草莓的季節是不是現在地點的話關西比較多採草莓的地方其他你說要買的話超市大賣場都有,"['我', '不', '知道', '草莓', '的', '季節', '是', '不', '是', '現在', '地點', '的', '話', '關西', '比', '較多', '採', '草莓', '的', '地方', '其他', '你', '說', '要', '買', '的', '話', '超市', '大', '賣場', '都', '有']","['知道', '草莓', '季節', '現在', '地點', '話', '關西', '較多', '採', '草莓', '地方', '說', '買', '話', '超市', '賣場']",[],positive
46,9a3b9e7f-f60b-4406-8b3c-99921e3b1aca,235039017,2,路邊一堆 連夜市都有,F,0.0,2020-12-24T04:08:21.360Z,2020-12-24T04:08:43.608Z,hsinchu,https://www.dcard.tw/f/hsinchu/p/235039017,dcard,comment,路邊一堆連夜市都有,"['路', '邊', '一', '堆', '連', '夜市', '都', '有']","['路', '堆', '夜市']",[],neutral
47,5655114b-f402-43ec-9cdf-700c8e07ccab,235039017,3,中華那邊有店家在賣餒,M,0.0,2020-12-24T22:34:15.577Z,2020-12-24T22:34:15.577Z,hsinchu,https://www.dcard.tw/f/hsinchu/p/235039017,dcard,comment,中華那邊有店家在賣餒,"['中華', '那邊', '有', '店家', '在', '賣', '餒']","['中華', '店家', '賣', '餒']",[],neutral
48,7ee8ba6d-8950-47d5-9398-22e1eff6b589,235021872,1,"可以分享那個影片看看嗎🤔
福州包的話我記得花市有看過 只是不確定現在還有沒有花市",F,0.0,2020-12-21T07:12:50.963Z,2020-12-21T07:12:50.963Z,hsinchu,https://www.dcard.tw/f/hsinchu/p/235021872,dcard,comment,可以分享那個影片看看嗎福州包的話我記得花市有看過只是不確定現在還有沒有花市,"['可以', '分享', '那', '個', '影片', '看看', '嗎', '福州', '包', '的', '話', '我', '記得', '花市', '有', '看過', '只是', '不', '確定', '現在', '還', '有沒有', '花市']","['分享', '影片', '看看', '福州', '包', '話', '記得', '花市', '看過', '確定', '現在', '有沒有', '花市']",[],positive
49,0779c212-486e-44f8-bb41-a396e1fb0387,235021872,2,福州包的話推薦東大路二段的俆記福州包，從小吃到大,F,0.0,2020-12-22T08:46:17.116Z,2020-12-22T08:46:17.116Z,hsinchu,https://www.dcard.tw/f/hsinchu/p/235021872,dcard,comment,福州包的話推薦東大路二段的俆記福州包從小吃到大,,[],[],neutral
50,8df04db6-da7b-42b2-9613-68234de6c05e,235021872,3,"B1 我是在她的限時動態看到的，也私訊問過了不過可能訊息太多沒得到回應，所以上來這裡問問

B2 謝謝妳的推薦！網路評論不錯欸！
已加入清單，有機會去吃～ 謝謝妳😁",F,0.0,2020-12-22T10:11:15.245Z,2020-12-22T10:11:15.245Z,hsinchu,https://www.dcard.tw/f/hsinchu/p/235021872,dcard,comment,我是在她的限時動態看到的也私訊問過了不過可能訊息太多沒得到回應所以上來這裡問問謝謝妳的推薦網路評論不錯欸已加入清單有機會去吃謝謝妳,"['我', '是', '在', '她', '的', '限時', '動態', '看到', '的', '也', '私', '訊問', '過', '了', '不過', '可能', '訊息', '太多', '沒', '得到', '回應', '所以', '上來', '這裡', '問問', '謝謝', '妳', '的', '推薦', '網路', '評論', '不錯', '欸', '已', '加入', '清單', '有', '機會', '去', '吃', '謝謝', '妳']","['限時', '動態', '看到', '私', '訊問', '訊息', '太多', '得到', '回應', '這裡', '問問', '謝謝', '妳', '推薦', '網路', '評論', '不錯', '欸', '已', '加入', '清單', '機會', '吃', '謝謝', '妳']",[],positive
51,77c2788f-5741-477a-a2fa-a7a7f6e469f9,235021872,4,她的限動看起來應該是B2說的那家！！,F,0.0,2020-12-23T15:59:04.497Z,2020-12-23T15:59:04.497Z,hsinchu,https://www.dcard.tw/f/hsinchu/p/235021872,dcard,comment,她的限動看起來應該是說的那家,"['她', '的', '限', '動', '看起來', '應該', '是', '說', '的', '那', '家']","['限', '動', '應該', '說', '家']",[],neutral
52,25d35a82-6963-4e85-9d25-9cd5fe046eaa,235014969,1,門檻是125萬，彰化已過，加油💪,M,7.0,2020-12-20T02:04:07.160Z,2020-12-20T02:04:07.160Z,hsinchu,https://www.dcard.tw/f/hsinchu/p/235014969,dcard,comment,門檻是萬彰化已過加油,"['門檻', '是', '萬', '彰化', '已', '過', '加油']","['門檻', '萬', '彰化', '已', '加油']",[],neutral
53,709a5a81-2d47-41d6-beb3-ead79ce91c9c,235014969,2,"那大前提是新竹縣市要合併啊
但是不可能啊哈哈哈哈",F,11.0,2020-12-20T03:14:44.874Z,2020-12-20T03:14:44.874Z,hsinchu,https://www.dcard.tw/f/hsinchu/p/235014969,dcard,comment,那大前提是新竹縣市要合併啊但是不可能啊哈哈哈哈,"['那', '大前提', '是', '新竹縣市', '要', '合併', '啊', '但是', '不可能', '啊', '哈哈', '哈哈']","['大前提', '新竹縣市', '合併', '不可能']",[],positive
54,b0363485-b169-40f2-b460-8ef058ff3362,235014969,3,"台中 台南 高雄以前原本也是縣市分治的呀 
後來還不是合併了😂 
不過我覺得要升格直轄市很難吧 
因為這樣直轄市未免也太多了
最後全台灣縣市都升格 然後=沒升",M,5.0,2020-12-20T10:52:23.537Z,2020-12-20T11:10:28.108Z,hsinchu,https://www.dcard.tw/f/hsinchu/p/235014969,dcard,comment,台中台南高雄以前原本也是縣市分治的呀後來還不是合併了不過我覺得要升格直轄市很難吧因為這樣直轄市未免也太多了最後全台灣縣市都升格然後沒升,"['台中', '台南', '高雄', '以前', '原本', '也', '是', '縣市', '分治', '的', '呀', '後來', '還不是', '合併', '了', '不過', '我', '覺得', '要', '升格', '直轄市', '很', '難', '吧', '因為', '這樣', '直轄市', '未免', '也', '太多', '了', '最後', '全', '台灣', '縣市', '都', '升格', '然後', '沒', '升']","['台中', '台南', '高雄', '以前', '原本', '縣市', '分治', '還不是', '合併', '覺得', '升格', '直轄市', '難', '直轄市', '未免', '太多', '最後', '全', '台灣', '縣市', '升格', '升']",[],neutral
55,75f59f39-f44d-45d0-977b-f601eb4c0c1a,235014969,4,B3 重點新竹還沒過法律門檻125萬，就算有也還不會先輪到新竹，而且是要一個一個全部都直轄也不太可能，所以應該會調整規則,M,1.0,2020-12-20T11:04:23.449Z,2020-12-20T11:04:23.449Z,hsinchu,https://www.dcard.tw/f/hsinchu/p/235014969,dcard,comment,重點新竹還沒過法律門檻萬就算有也還不會先輪到新竹而且是要一個一個全部都直轄也不太可能所以應該會調整規則,"['重點', '新竹', '還', '沒', '過', '法律', '門檻', '萬', '就算', '有', '也', '還', '不會', '先', '輪到', '新竹', '而且', '是', '要', '一', '個', '一', '個', '全部', '都', '直轄', '也', '不', '太', '可能', '所以', '應該', '會', '調整', '規則']","['重點', '新竹', '法律', '門檻', '萬', '先', '輪到', '新竹', '全部', '直轄', '太', '應該', '調整', '規則']",[],negative
56,559f5098-cc5c-4185-8edf-c813f183d5ab,235014969,5,哪需要那麼多直轄市,M,0.0,2020-12-22T06:48:12.035Z,2020-12-22T06:48:12.035Z,hsinchu,https://www.dcard.tw/f/hsinchu/p/235014969,dcard,comment,哪需要那麼多直轄市,"['哪', '需要', '那麼多', '直轄市']","['需要', '那麼多', '直轄市']",[],neutral
57,8b7c30df-aa1f-4205-adf4-e2edccce052f,235014969,6,國府搬到台灣以後哪需要直轄市,M,1.0,2020-12-24T01:10:13.066Z,2020-12-24T01:10:13.066Z,hsinchu,https://www.dcard.tw/f/hsinchu/p/235014969,dcard,comment,國府搬到台灣以後哪需要直轄市,"['國府', '搬到', '台灣', '以後', '哪', '需要', '直轄市']","['國府', '搬到', '台灣', '以後', '需要', '直轄市']",[],neutral
58,9e3ec67f-83cc-446e-89b0-5eab44233ea5,235014969,7,"不太可能 但身為新竹縣人 感覺合併應該比較好◉‿◉
但台灣好像也沒必要這麼多直轄市....",M,3.0,2020-12-24T03:46:21.520Z,2020-12-24T03:46:21.520Z,hsinchu,https://www.dcard.tw/f/hsinchu/p/235014969,dcard,comment,不太可能但身為新竹縣人感覺合併應該比較好但台灣好像也沒必要這麼多直轄市,"['不', '太', '可能', '但', '身為', '新竹縣人', '感覺', '合併', '應該', '比較', '好', '但', '台灣', '好像', '也', '沒', '必要', '這麼多', '直轄市']","['太', '身為', '新竹縣人', '感覺', '合併', '應該', '比較', '好', '台灣', '好像', '必要', '這麼多', '直轄市']",[],positive
59,a4b67932-d36d-45eb-83f0-a68d4b19a876,235014969,8,中國也才四個直轄市，台灣五個😂，再多，半個台灣都是直轄市了,M,0.0,2020-12-24T11:12:32.707Z,2020-12-24T11:12:32.707Z,hsinchu,https://www.dcard.tw/f/hsinchu/p/235014969,dcard,comment,中國也才四個直轄市台灣五個再多半個台灣都是直轄市了,"['中國', '也', '才', '四', '個', '直轄市', '台灣', '五', '個', '再', '多半', '個', '台灣', '都', '是', '直轄市', '了']","['中國', '直轄市', '台灣', '再', '多半', '台灣', '直轄市']",[],neutral
60,c008d000-8a03-4148-9494-da5f0305d7be,235014969,9,B8 台灣6個,M,1.0,2020-12-25T06:26:26.457Z,2020-12-25T06:26:26.457Z,hsinchu,https://www.dcard.tw/f/hsinchu/p/235014969,dcard,comment,台灣個,"['台灣', '個']",['台灣'],[],neutral
61,fddceaa9-d3b3-4883-b20b-0375d9e62bf6,235014969,10,六個都嫌多了,F,0.0,2020-12-25T06:54:02.093Z,2020-12-25T06:54:02.093Z,hsinchu,https://www.dcard.tw/f/hsinchu/p/235014969,dcard,comment,六個都嫌多了,"['六', '個', '都', '嫌', '多', '了']",['嫌'],[],neutral
62,4278555e-29a5-4c42-8069-6e8834b75abf,235014969,11,沒有必要 預算重新平衡比較重要,M,0.0,2020-12-27T03:16:16.486Z,2020-12-27T03:16:16.486Z,hsinchu,https://www.dcard.tw/f/hsinchu/p/235014969,dcard,comment,沒有必要預算重新平衡比較重要,"['沒有', '必要', '預算', '重新', '平衡', '比較', '重要']","['必要', '預算', '重新', '平衡', '比較', '重要']",[],positive
63,cd6f87fc-425c-4cbb-a84d-efe317af2ebc,235014969,12,"我覺得縣市發展差太多了
當然合併是好事",M,0.0,2020-12-27T18:02:58.630Z,2020-12-27T18:02:58.630Z,hsinchu,https://www.dcard.tw/f/hsinchu/p/235014969,dcard,comment,我覺得縣市發展差太多了當然合併是好事,"['我', '覺得', '縣市', '發展', '差', '太多', '了', '當然', '合併', '是', '好事']","['覺得', '縣市', '發展', '差', '太多', '合併', '好事']",[],positive
64,fe89aac7-4944-4677-a235-8e5cf9b8f0bd,234998208,1,"真的很爛🙃 
住紅區的人只能出去上班不能回家了嗎
還有 苗栗客運的部分怎麼處理…",F,4.0,2020-12-17T06:28:22.794Z,2020-12-17T06:28:22.794Z,hsinchu,https://www.dcard.tw/f/hsinchu/p/234998208,dcard,comment,真的很爛住紅區的人只能出去上班不能回家了嗎還有苗栗客運的部分怎麼處理,"['真的', '很', '爛', '住紅區', '的', '人', '只', '能', '出去', '上班', '不能', '回家', '了', '嗎', '還', '有', '苗栗', '客運', '的', '部分', '怎麼', '處理']","['真的', '爛', '住紅區', '人', '只', '上班', '回家', '苗栗', '客運', '部分', '處理']",[],negative
65,4aea70b5-4570-4459-a50b-eff63d327724,234998208,2,"B1 老實說我在巨城上班也覺得很麻煩
難道要走路進去上班嗎😫",M,1.0,2020-12-17T06:29:23.219Z,2020-12-17T06:29:23.219Z,hsinchu,https://www.dcard.tw/f/hsinchu/p/234998208,dcard,comment,老實說我在巨城上班也覺得很麻煩難道要走路進去上班嗎,"['老實說', '我', '在', '巨城', '上班', '也', '覺得', '很', '麻煩', '難道', '要', '走路', '進去', '上班', '嗎']","['老實說', '巨城', '上班', '覺得', '麻煩', '走路', '上班']",[],negative
66,cbe239bd-c956-4fec-851c-e5b4f8be1bdb,234998208,3,"B2 我朋友也是紅區上班但不住新竹的人
平常是騎車上班
太麻煩了………………",F,2.0,2020-12-17T06:32:32.776Z,2020-12-17T06:32:32.776Z,hsinchu,https://www.dcard.tw/f/hsinchu/p/234998208,dcard,comment,我朋友也是紅區上班但不住新竹的人平常是騎車上班太麻煩了,"['我', '朋友', '也', '是', '紅區', '上班', '但', '不', '住', '新竹', '的', '人', '平常', '是', '騎車', '上班', '太', '麻煩', '了']","['朋友', '紅區', '上班', '住', '新竹', '人', '平常', '騎車', '上班', '太', '麻煩']",[],negative
67,1c42368b-e464-4382-b92b-b07af1495807,234998208,4,我家也在紅區內 上班感覺會很麻煩,F,2.0,2020-12-17T09:09:04.066Z,2020-12-17T09:09:04.066Z,hsinchu,https://www.dcard.tw/f/hsinchu/p/234998208,dcard,comment,我家也在紅區內上班感覺會很麻煩,"['我', '家', '也', '在', '紅區', '內', '上班', '感覺', '會', '很', '麻煩']","['家', '紅區', '上班', '感覺', '麻煩']",[],negative
68,67428caf-d9cf-491a-a36d-772a296cdd62,234998208,5,上下班都有問題，更不用說接送小孩了，教育處給出答案了:您好，我是新竹市政府教育處，有關您反映的問題回覆如下：管制區學校提早於下午三點放學，請家長先行規劃接送方案，否則將遇到4點交通管制時間。 另外，管制區學校下午三點放學之後的一切活動都暫停。如有任何問題，可逕洽教育處學管科。,M,0.0,2020-12-17T23:58:59.406Z,2020-12-18T00:01:22.824Z,hsinchu,https://www.dcard.tw/f/hsinchu/p/234998208,dcard,comment,上下班都有問題更不用說接送小孩了教育處給出答案了您好我是新竹市政府教育處有關您反映的問題回覆如下管制區學校提早於下午三點放學請家長先行規劃接送方案否則將遇到點交通管制時間另外管制區學校下午三點放學之後的一切活動都暫停如有任何問題可逕洽教育處學管科,"['上下班', '都', '有', '問題', '更', '不用說', '接送', '小孩', '了', '教育處', '給出', '答案', '了', '您好', '我', '是', '新竹市', '政府', '教育處', '有關', '您', '反映', '的', '問題', '回覆', '如下', '管制區', '學校', '提早', '於', '下午', '三點', '放學', '請', '家長', '先行', '規劃', '接送', '方案', '否則', '將', '遇到', '點', '交通', '管制', '時間', '另外', '管制區', '學校', '下午', '三點', '放學', '之後', '的', '一切', '活動', '都', '暫停', '如', '有', '任何', '問題', '可', '逕', '洽', '教育處', '學管', '科']","['上下班', '問題', '不用說', '接送', '小孩', '教育處', '給出', '答案', '您好', '新竹市', '政府', '教育處', '反映', '問題', '回覆', '管制區', '學校', '提早', '下午', '三點', '放學', '請', '家長', '先行', '規劃', '接送', '方案', '遇到', '點', '交通', '管制', '時間', '管制區', '學校', '下午', '三點', '放學', '之後', '活動', '暫停', '問題', '逕', '洽', '教育處', '學管', '科']",[],negative
69,e38636cc-eb2a-4e45-92fa-ce096dc48771,234998208,6,"通行證的標準我看到的是：
１戶３人以下：１張
１戶４人以上：２張",M,0.0,2020-12-18T00:00:38.739Z,2020-12-18T00:00:38.739Z,hsinchu,https://www.dcard.tw/f/hsinchu/p/234998208,dcard,comment,通行證的標準我看到的是戶人以下張戶人以上張,"['通行證', '的', '標準', '我', '看到', '的', '是', '戶人', '以下', '張戶', '人', '以上', '張']","['通行證', '標準', '看到', '戶人', '以下', '張戶', '人', '以上', '張']",[],neutral
70,0175e3ea-80e8-4a93-94e2-9ef041ddf143,234998208,7,而且還封到台1縱貫線 新竹市政府的官威真的大到國家的主要幹道都敢封路,M,0.0,2020-12-19T07:02:08.838Z,2020-12-19T07:02:08.838Z,hsinchu,https://www.dcard.tw/f/hsinchu/p/234998208,dcard,comment,而且還封到台縱貫線新竹市政府的官威真的大到國家的主要幹道都敢封路,"['而且', '還', '封', '到', '台', '縱貫線', '新竹市', '政府', '的', '官威', '真的', '大', '到', '國家', '的', '主要', '幹道', '都', '敢', '封', '路']","['封', '台', '縱貫線', '新竹市', '政府', '官威', '真的', '國家', '主要', '幹道', '封', '路']",[],neutral
71,a1ae792c-0f8d-4009-97b9-2a894fef886e,234998208,8,"難得的燈會
大家互相體諒一下",M,0.0,2020-12-23T12:53:11.907Z,2020-12-23T12:53:11.907Z,hsinchu,https://www.dcard.tw/f/hsinchu/p/234998208,dcard,comment,難得的燈會大家互相體諒一下,"['難得', '的', '燈會', '大家', '互相', '體諒', '一下']","['燈會', '體諒', '一下']",[],positive
72,17a40acb-8cc0-4602-bc79-1bd63276162c,234998208,9,"真的很瞎...
整個都封起來，那要叫人家把摩托車停哪裡？
都不用回家了嗎？
租房子的人是要怎麼拿通行證？",F,1.0,2020-12-23T14:15:37.308Z,2020-12-23T14:15:37.308Z,hsinchu,https://www.dcard.tw/f/hsinchu/p/234998208,dcard,comment,真的很瞎整個都封起來那要叫人家把摩托車停哪裡都不用回家了嗎租房子的人是要怎麼拿通行證,"['真的', '很', '瞎', '整個', '都', '封起', '來', '那', '要', '叫', '人家', '把', '摩托車', '停', '哪裡', '都', '不用', '回家', '了', '嗎', '租', '房子', '的', '人', '是', '要', '怎麼', '拿', '通行證']","['真的', '瞎', '整個', '封起', '摩托車', '停', '哪裡', '不用', '回家', '租', '房子', '人', '通行證']",[],neutral
73,6678393e-574e-4321-b76a-7b908024cba8,234996250,1,"東市1001大推推推推
隨時有喝不到的危機 能去趕快去
(到外地讀書ㄉ想家女子QQ)",F,1.0,2020-12-19T00:48:22.411Z,2020-12-19T00:48:22.411Z,hsinchu,https://www.dcard.tw/f/hsinchu/p/234996250,dcard,comment,東市大推推推推隨時有喝不到的危機能去趕快去到外地讀書想家女子,"['東市', '大', '推推推推', '隨時', '有', '喝不到', '的', '危機', '能', '去', '趕快', '去到', '外地', '讀書', '想', '家', '女子']","['東市', '推推推推', '隨時', '喝不到', '危機', '去到', '外地', '讀書', '想', '家', '女子']",[],negative
74,92e3281f-0104-445d-8d5b-433b8fbfac1b,234996250,2,"October 大推 從高中畢業到上大學回新竹時都會跟同學去那邊喝酒
上次還遇到外國人在那邊開趴踢 好玩！",M,1.0,2020-12-19T14:41:10.143Z,2020-12-19T14:41:10.143Z,hsinchu,https://www.dcard.tw/f/hsinchu/p/234996250,dcard,comment,大推從高中畢業到上大學回新竹時都會跟同學去那邊喝酒上次還遇到外國人在那邊開趴踢好玩,"['大推', '從', '高中', '畢業', '到', '上大學', '回', '新竹', '時', '都', '會', '跟', '同學', '去', '那邊', '喝', '酒', '上', '次', '還', '遇到', '外國人', '在', '那邊', '開', '趴', '踢', '好玩']","['大推', '高中', '畢業', '上大學', '回', '新竹', '時', '同學', '喝', '酒', '次', '遇到', '外國人', '開', '趴', '踢', '好玩']",[],neutral
75,4f415af1-99b4-4867-b9ad-b48dcf3060c9,234996250,3,"room8 光華街
經國路轉巨城（全國加油站）那一排",F,2.0,2020-12-20T07:28:38.799Z,2020-12-20T07:28:38.799Z,hsinchu,https://www.dcard.tw/f/hsinchu/p/234996250,dcard,comment,光華街經國路轉巨城全國加油站那一排,"['光華街', '經國路', '轉巨城', '全國', '加油站', '那', '一', '排']","['光華街', '經國路', '轉巨城', '全國', '加油站', '排']",[],neutral
76,30d76d75-1668-46e5-8d4a-757727aa0561,234996250,4,"謝謝樓上🙏
找時間去看看",M,0.0,2020-12-20T08:30:39.107Z,2020-12-20T08:30:39.107Z,hsinchu,https://www.dcard.tw/f/hsinchu/p/234996250,dcard,comment,謝謝樓上找時間去看看,"['謝謝', '樓上', '找', '時間', '去', '看看']","['謝謝', '樓上', '找', '時間', '看看']",[],positive
77,7a87cac0-466b-450f-8875-eea6bc30f8b4,234996250,5,"📍暢飲、酒還行
光年（$500 /♾杯）
曼曼餵魚（$500 /10杯）
📍氣氛好、酒好喝：
Bar Reviver（單點店/茶酒👍）
橋下餐酒館（單點店）
📍外國人多
October bar (單點店/酒還行
📌18巷一整排都是可以去看看
Room  8
📍 清大南大
憨薯 （莓果酒好喝✨

✏️還有沒去過，其他人推薦：
📍交大
貳貳柒 lab227
📍 清大校本
JJ cheers bar
📍金山街
將進酒bar Approx、3+1 beer bar、
Sunny Box 、cross whisky bar (威吧）
📍關新路
Docked、Jess 161 、
📍好市多附近
而已 niaaniaa
📍火車站圓環附近
Red bar、Simon pub
📍勝利路
Art Room 藝室
📍經國路
Bar speakeasy 、Tender cocktail 、
CircleBistro
📍建功路
Moonshine 
📍東門市場
東市101、Bar speakeasy mini
📍巨城附近
Lady L
📍武陵路
城咖
📍竹北
厚食聚落（漂流）、橋下2.0

P.s: 酒是個人感受，每個人不一樣，所以可以去試看看",F,11.0,2020-12-23T16:07:32.991Z,2020-12-23T16:07:32.991Z,hsinchu,https://www.dcard.tw/f/hsinchu/p/234996250,dcard,comment,暢飲酒還行光年杯曼曼餵魚杯氣氛好酒好喝單點店茶酒橋下餐酒館單點店外國人多單點店酒還行巷一整排都是可以去看看清大南大憨薯莓果酒好喝還有沒去過其他人推薦交大貳貳柒清大校本金山街將進酒威吧關新路好市多附近而已火車站圓環附近勝利路藝室經國路建功路東門市場東市巨城附近武陵路城咖竹北厚食聚落漂流橋下酒是個人感受每個人不一樣所以可以去試看看,"['暢飲', '酒', '還', '行', '光年', '杯曼曼', '餵', '魚', '杯', '氣氛', '好', '酒', '好喝', '單點店', '茶酒', '橋', '下', '餐', '酒館', '單點店', '外國人', '多', '單點店', '酒', '還', '行巷', '一', '整', '排', '都', '是', '可以', '去', '看看', '清大', '南大憨薯莓', '果酒', '好喝', '還', '有', '沒', '去', '過', '其他', '人', '推薦', '交大', '貳貳柒', '清大', '校本', '金山街', '將', '進酒', '威', '吧', '關', '新路', '好市多', '附近', '而已', '火車站', '圓環', '附近', '勝利路', '藝室', '經國路', '建功路', '東門', '市場', '東市巨城', '附近', '武陵路', '城咖', '竹北', '厚食', '聚落', '漂流', '橋', '下酒', '是', '個人', '感受', '每', '個人', '不', '一樣', '所以', '可以', '去', '試看', '看']","['暢飲', '酒', '行', '光年', '杯曼曼', '魚', '杯', '氣氛', '好', '酒', '好喝', '單點店', '茶酒', '橋', '下', '餐', '酒館', '單點店', '外國人', '單點店', '酒', '行巷', '整', '排', '看看', '清大', '南大憨薯莓', '果酒', '好喝', '人', '推薦', '交大', '貳貳柒', '清大', '校本', '金山街', '進酒', '威', '關', '新路', '好市多', '附近', '火車站', '圓環', '附近', '勝利路', '藝室', '經國路', '建功路', '東門', '市場', '東市巨城', '附近', '武陵路', '城咖', '竹北', '厚食', '聚落', '漂流', '橋', '下酒', '感受', '試看']",[],positive
78,e0db0bbf-2a39-4976-bfbd-770e25a61649,234996250,6,大推東前隱，東市1001的老闆開的也在那附近，同志友善酒吧很好玩酒水便宜又好喝，進去說是LadyL 介紹的客人👍 Tender在經國路上（石二鍋樓上）進去也說是LadyL 介紹的！,M,0.0,2020-12-24T00:04:21.156Z,2020-12-24T00:04:21.156Z,hsinchu,https://www.dcard.tw/f/hsinchu/p/234996250,dcard,comment,大推東前隱東市的老闆開的也在那附近同志友善酒吧很好玩酒水便宜又好喝進去說是介紹的客人在經國路上石二鍋樓上進去也說是介紹的,"['大推東前隱東市', '的', '老闆', '開', '的', '也', '在', '那', '附近', '同志', '友善', '酒吧', '很', '好玩', '酒', '水', '便宜', '又', '好喝', '進去', '說', '是', '介紹', '的', '客人', '在', '經國路', '上', '石', '二', '鍋', '樓上', '進去', '也', '說', '是', '介紹', '的']","['大推東前隱東市', '老闆', '開', '附近', '同志', '友善', '酒吧', '好玩', '酒', '水', '便宜', '好喝', '說', '介紹', '客人', '經國路', '石', '鍋', '樓上', '說', '介紹']",[],positive
79,83a01869-dc90-4639-8b7a-2dbcda566b38,234996250,7,備註一下不是每一家都說是Lady L介紹的都有優惠或是招待！,M,0.0,2020-12-24T00:05:35.037Z,2020-12-24T00:05:35.037Z,hsinchu,https://www.dcard.tw/f/hsinchu/p/234996250,dcard,comment,備註一下不是每一家都說是介紹的都有優惠或是招待,"['備註', '一下', '不', '是', '每', '一', '家', '都', '說', '是', '介紹', '的', '都', '有', '優惠', '或是', '招待']","['備註', '一下', '家', '說', '介紹', '優惠', '招待']",[],positive
80,e911ed2f-2e5d-4a16-b067-99351c00d5ec,234996250,8,B5  👍,F,0.0,2020-12-24T15:19:35.141Z,2020-12-24T15:19:35.141Z,hsinchu,https://www.dcard.tw/f/hsinchu/p/234996250,dcard,comment,,,[],[],neutral
81,4d533bfd-0d99-4579-890b-2a1fef3d9da8,234996250,9,"@B5
那有機會跟妳喝一杯嗎",M,0.0,2020-12-24T22:37:50.014Z,2020-12-24T22:37:50.014Z,hsinchu,https://www.dcard.tw/f/hsinchu/p/234996250,dcard,comment,那有機會跟妳喝一杯嗎,"['那', '有', '機會', '跟', '妳', '喝', '一', '杯', '嗎']","['機會', '妳', '喝', '杯']",[],positive
82,97d08898-c4d6-4134-a5d0-9bca39065d51,234996250,10,"🎯iPOPs 手作冰棒 cafe bar
🏠南門街111巷6號
有500暢飲也有單點
單點酒款200起
還有冰棒調酒hen酷",M,0.0,2020-12-26T22:39:55.827Z,2020-12-26T22:39:55.827Z,hsinchu,https://www.dcard.tw/f/hsinchu/p/234996250,dcard,comment,手作冰棒南門街巷號有暢飲也有單點單點酒款起還有冰棒調酒酷,"['手作', '冰棒', '南門', '街巷號', '有', '暢飲', '也', '有', '單點', '單點', '酒', '款起', '還', '有', '冰棒', '調', '酒', '酷']","['手作', '冰棒', '南門', '街巷號', '暢飲', '單點', '單點', '酒', '款起', '冰棒', '調', '酒', '酷']",[],neutral
83,bc07cd20-251b-404a-93f1-5bdd444d6e77,234994364,1,"怎麼不考慮去FB社團問？
哪裡比較多婆婆媽媽  消費能力很強的",M,2.0,2020-12-22T16:29:28.155Z,2020-12-22T16:29:28.155Z,hsinchu,https://www.dcard.tw/f/hsinchu/p/234994364,dcard,comment,怎麼不考慮去社團問哪裡比較多婆婆媽媽消費能力很強的,"['怎麼', '不', '考慮', '去', '社團', '問', '哪裡', '比', '較多', '婆婆媽媽', '消費', '能力', '很', '強', '的']","['考慮', '社團', '問', '哪裡', '較多', '婆婆媽媽', '消費', '能力', '強']",[],positive
84,9628d012-f071-4ff6-96b4-ae2cdd3df346,234994364,2,你有推薦的嗎謝謝B1,F,0.0,2020-12-22T16:30:40.021Z,2020-12-22T16:30:40.021Z,hsinchu,https://www.dcard.tw/f/hsinchu/p/234994364,dcard,comment,你有推薦的嗎謝謝,"['你', '有', '推薦', '的', '嗎', '謝謝']","['推薦', '謝謝']",[],positive
85,ebe6b9c7-2bd2-44fc-a2d2-d2529118263c,234994364,3,"b2 你可以試試看新竹大小事
因為我也只有加入這個  其他我就不知道了
你可以發文的時候順便問一下  還有哪裡可以發",M,2.0,2020-12-22T16:37:34.844Z,2020-12-22T16:37:34.844Z,hsinchu,https://www.dcard.tw/f/hsinchu/p/234994364,dcard,comment,你可以試試看新竹大小事因為我也只有加入這個其他我就不知道了你可以發文的時候順便問一下還有哪裡可以發,"['你', '可以', '試試看', '新竹', '大小', '事', '因為', '我', '也', '只有', '加入', '這', '個', '其他', '我', '就', '不', '知道', '了', '你', '可以', '發文', '的', '時候', '順便', '問', '一下', '還', '有', '哪裡', '可以', '發']","['試試看', '新竹', '大小', '事', '加入', '知道', '發文', '順便', '問', '一下', '哪裡', '發']",[],positive
86,79a9d11b-7f41-46c8-a25b-1b56d1b2db6b,234994364,4,謝謝你～B3,F,0.0,2020-12-22T16:41:50.585Z,2020-12-22T16:41:50.585Z,hsinchu,https://www.dcard.tw/f/hsinchu/p/234994364,dcard,comment,謝謝你,"['謝謝', '你']",['謝謝'],[],positive
87,d8f8c146-0206-4071-8fd9-9260170af9a7,234990932,1,這卡司……,M,0.0,2020-12-23T12:53:36.140Z,2020-12-23T12:53:36.140Z,hsinchu,https://www.dcard.tw/f/hsinchu/p/234990932,dcard,comment,這卡司,"['這', '卡司']",['卡司'],[],neutral
88,94f04762-4393-43af-9b79-80e2f212e44c,234988430,1,有酒就給推,M,1.0,2020-12-15T15:15:39.329Z,2020-12-15T15:15:39.329Z,hsinchu,https://www.dcard.tw/f/hsinchu/p/234988430,dcard,comment,有酒就給推,"['有', '酒', '就', '給', '推']","['酒', '推']",[],neutral
89,26eea4d2-f9b6-4e26-a882-44b531cdddcf,234981252,1,"六年前小弟弟我還是大一的時候 在靜宜待過一年
我比較喜歡台中...土生土長的新竹人真的找不到新竹的優點哈哈",M,2.0,2020-12-24T11:25:50.481Z,2020-12-24T11:27:10.747Z,hsinchu,https://www.dcard.tw/f/hsinchu/p/234981252,dcard,comment,六年前小弟弟我還是大一的時候在靜宜待過一年我比較喜歡台中土生土長的新竹人真的找不到新竹的優點哈哈,"['六', '年前', '小', '弟弟', '我', '還是', '大一', '的', '時候', '在', '靜宜', '待', '過', '一年', '我', '比較', '喜歡', '台中', '土生土長', '的', '新竹人', '真的', '找', '不', '到', '新竹', '的', '優點', '哈哈']","['年前', '小', '弟弟', '大一', '靜宜', '一年', '比較', '喜歡', '台中', '土生土長', '新竹人', '真的', '找', '新竹', '優點']",[],positive
90,a842321f-f843-4623-a1f8-3319fee47fb5,234981252,2,B1 可能自己偏愛傳統文化宮廟。台中的確交通便利。,M,0.0,2020-12-25T10:15:56.900Z,2020-12-25T10:15:56.900Z,hsinchu,https://www.dcard.tw/f/hsinchu/p/234981252,dcard,comment,可能自己偏愛傳統文化宮廟台中的確交通便利,"['可能', '自己', '偏愛', '傳統', '文化', '宮廟', '台中', '的確', '交通', '便利']","['偏愛', '傳統', '文化', '宮廟', '台中', '交通', '便利']",[],positive
91,9875e689-f316-4d63-b5f3-8d8d60e5c27a,234981252,3,看到有人這麼喜歡新竹，在地人感到開心,M,2.0,2020-12-27T05:40:17.947Z,2020-12-27T05:40:17.947Z,hsinchu,https://www.dcard.tw/f/hsinchu/p/234981252,dcard,comment,看到有人這麼喜歡新竹在地人感到開心,"['看到', '有', '人', '這麼', '喜歡', '新竹', '在地人', '感到', '開心']","['看到', '人', '喜歡', '新竹', '在地人', '感到', '開心']",[],positive
92,b06c92fd-4428-4a24-853a-3bf8e554ddec,234977768,1,靠北在新竹吃個東西都貴得要死：（,F,9.0,2020-12-14T03:58:48.071Z,2020-12-14T03:58:48.071Z,hsinchu,https://www.dcard.tw/f/hsinchu/p/234977768,dcard,comment,靠北在新竹吃個東西都貴得要死,"['靠', '北', '在', '新竹', '吃', '個', '東西', '都', '貴', '得', '要', '死']","['北', '新竹', '吃', '東西', '貴', '死']",[],negative
93,721eff25-7dbc-48e5-81b5-67303513a0df,234977768,2,不然新竹有沒有什麼發展,F,2.0,2020-12-14T07:24:41.533Z,2020-12-14T07:24:41.533Z,hsinchu,https://www.dcard.tw/f/hsinchu/p/234977768,dcard,comment,不然新竹有沒有什麼發展,"['不然', '新竹', '有沒有', '什麼', '發展']","['新竹', '有沒有', '發展']",[],positive
94,06d5de9a-2fd7-49f3-bc0f-8ee78e5db621,234977768,3,"你這樣講台北人不是也很衰嗎
很多在台北工作的也不是台北人啊🤣
身為土生土長的新竹人覺得不會😂
看著新竹慢慢發展 竹北要有大遠百就很開心
竹北人路過",F,14.0,2020-12-14T09:09:33.296Z,2020-12-14T09:09:33.296Z,hsinchu,https://www.dcard.tw/f/hsinchu/p/234977768,dcard,comment,你這樣講台北人不是也很衰嗎很多在台北工作的也不是台北人啊身為土生土長的新竹人覺得不會看著新竹慢慢發展竹北要有大遠百就很開心竹北人路過,"['你', '這樣', '講', '台北人', '不', '是也', '很', '衰', '嗎', '很多', '在', '台北', '工作', '的', '也', '不', '是', '台北人', '啊', '身為', '土生土長', '的', '新竹人', '覺得', '不會', '看', '著', '新竹', '慢慢', '發展', '竹北', '要', '有', '大', '遠', '百', '就', '很', '開心', '竹北人', '路過']","['講', '台北人', '是也', '衰', '台北', '工作', '台北人', '身為', '土生土長', '新竹人', '覺得', '新竹', '慢慢', '發展', '竹北', '遠', '百', '開心', '竹北人', '路過']",[],positive
95,a2f048b5-e2d5-447d-bdd1-997341bb1ae9,234977768,4,"新竹人路過
之前還在唸書的時候竹北600萬就買的到公寓兩房了
結果現在要1000萬才買的到

我自己也是竹科工程師
但是即使年薪破百萬，要在新竹買房還是很痛
我同事月薪都十萬了，還是很難在新竹買房
光是每個月的房貸和家庭支出就快壓垮他了
更何況到了三十幾歲，通常父母都會有一些疾病要常跑醫院
生活的壓力大到根本沒辦法生活

假設剛開始工作月薪五萬好了，每個月房貸就可以高到4萬元，薪水一下來八成都被房地產拿走了
剩下的生活支出就讓一個月沒什麼錢可以花在娛樂和自學上
然後一堆智障還在那邊說「房地產是經濟龍頭」
房地產根本在拖垮整個台灣的經濟😐",M,6.0,2020-12-14T11:33:36.103Z,2020-12-14T11:33:36.103Z,hsinchu,https://www.dcard.tw/f/hsinchu/p/234977768,dcard,comment,新竹人路過之前還在唸書的時候竹北萬就買的到公寓兩房了結果現在要萬才買的到我自己也是竹科工程師但是即使年薪破百萬要在新竹買房還是很痛我同事月薪都十萬了還是很難在新竹買房光是每個月的房貸和家庭支出就快壓垮他了更何況到了三十幾歲通常父母都會有一些疾病要常跑醫院生活的壓力大到根本沒辦法生活假設剛開始工作月薪五萬好了每個月房貸就可以高到萬元薪水一下來八成都被房地產拿走了剩下的生活支出就讓一個月沒什麼錢可以花在娛樂和自學上然後一堆智障還在那邊說房地產是經濟龍頭房地產根本在拖垮整個台灣的經濟,"['新竹人', '路過', '之前', '還', '在', '唸書', '的', '時候', '竹北', '萬', '就', '買', '的', '到', '公寓', '兩', '房', '了', '結果', '現在', '要', '萬', '才', '買', '的', '到', '我', '自己', '也', '是', '竹科', '工程師', '但是', '即使', '年薪', '破', '百萬', '要', '在', '新竹', '買', '房', '還是', '很', '痛', '我', '同事', '月薪', '都', '十萬', '了', '還是', '很', '難', '在', '新竹', '買', '房', '光', '是', '每', '個', '月', '的', '房貸', '和', '家庭', '支出', '就', '快', '壓垮', '他', '了', '更何況', '到', '了', '三十幾', '歲', '通常', '父母', '都', '會', '有', '一些', '疾病', '要', '常', '跑', '醫院', '生活', '的', '壓力', '大', '到', '根本', '沒辦法', '生活', '假設', '剛', '開始', '工作', '月薪', '五萬', '好了', '每', '個', '月', '房貸', '就', '可以', '高到', '萬', '元', '薪水', '一下', '來', '八成', '都', '被', '房地產', '拿走', '了', '剩下', '的', '生活', '支出', '就', '讓', '一', '個', '月', '沒', '什麼', '錢', '可以', '花', '在', '娛樂', '和', '自學', '上', '然後', '一', '堆', '智障', '還', '在', '那邊', '說', '房地產', '是', '經濟', '龍頭', '房地產', '根本', '在', '拖垮', '整個', '台灣', '的', '經濟']","['新竹人', '路過', '之前', '唸書', '竹北', '萬', '買', '公寓', '兩', '房', '現在', '萬', '買', '竹科', '工程師', '年薪', '破', '百萬', '新竹', '買', '房', '痛', '同事', '月薪', '十萬', '難', '新竹', '買', '房', '月', '房貸', '家庭', '支出', '壓垮', '更何況', '三十幾', '歲', '通常', '父母', '一些', '疾病', '跑', '醫院', '生活', '壓力', '根本', '沒辦法', '生活', '假設', '工作', '月薪', '五萬', '好了', '月', '房貸', '高到', '萬', '元', '薪水', '一下', '房地產', '拿走', '剩下', '生活', '支出', '月', '錢', '花', '娛樂', '自學', '堆', '智障', '說', '房地產', '經濟', '龍頭', '房地產', '根本', '拖垮', '整個', '台灣', '經濟']",[],negative
96,2f6e5c37-40b6-44dd-a3bf-54f71bf48623,234977768,5,"B3同鄉的
期待大遠百開幕不然附近吃的太少了
大概也就新的竹北人會這樣認為
說真的小時候真的看不出來
這裡會有發展以前這裡都農地最高1萬到現在建地不知道差多少倍了但每年的稅⋯",F,3.0,2020-12-14T14:39:14.847Z,2020-12-14T14:39:14.847Z,hsinchu,https://www.dcard.tw/f/hsinchu/p/234977768,dcard,comment,同鄉的期待大遠百開幕不然附近吃的太少了大概也就新的竹北人會這樣認為說真的小時候真的看不出來這裡會有發展以前這裡都農地最高萬到現在建地不知道差多少倍了但每年的稅,"['同鄉', '的', '期待', '大遠百', '開幕', '不然', '附近', '吃', '的', '太少', '了', '大概', '也', '就', '新', '的', '竹北', '人', '會', '這樣', '認為', '說真的', '小時候', '真的', '看不出來', '這裡', '會', '有', '發展', '以前', '這裡', '都', '農地', '最', '高', '萬', '到', '現在', '建地', '不', '知道', '差', '多少', '倍', '了', '但', '每', '年', '的', '稅']","['同鄉', '期待', '大遠百', '開幕', '附近', '吃', '太少', '新', '竹北', '人', '認為', '說真的', '小時候', '真的', '看不出來', '這裡', '發展', '以前', '這裡', '農地', '最', '高', '萬', '現在', '建地', '知道', '差', '倍', '年', '稅']",[],positive
97,1c0d330f-da9f-4502-beb5-3083950a0640,234977768,6,這時候要有一位富爸爸，問題都解決了。,M,0.0,2020-12-15T03:55:28.870Z,2020-12-15T03:55:28.870Z,hsinchu,https://www.dcard.tw/f/hsinchu/p/234977768,dcard,comment,這時候要有一位富爸爸問題都解決了,"['這', '時候', '要', '有', '一', '位', '富', '爸爸', '問題', '都', '解決', '了']","['位', '富', '爸爸', '問題', '解決']",[],negative
98,beddbde4-1576-45ed-a9fc-f5133331c86b,234977768,7,B4來苗栗買啊,M,0.0,2020-12-15T04:50:11.866Z,2020-12-15T04:50:11.866Z,hsinchu,https://www.dcard.tw/f/hsinchu/p/234977768,dcard,comment,來苗栗買啊,"['來', '苗栗', '買', '啊']","['苗栗', '買']",[],neutral
99,75e81ad0-e56b-471a-8ea0-a2c4f3aa9dae,234977768,8,有巨城B2,M,0.0,2020-12-15T06:01:56.782Z,2020-12-15T06:01:56.782Z,hsinchu,https://www.dcard.tw/f/hsinchu/p/234977768,dcard,comment,有巨城,"['有', '巨', '城']","['巨', '城']",[],neutral
100,66178f15-8d9d-41d7-a5bc-35a45314f1d2,234977768,9,"B8巨城也是後來才發展的
之前的百貨公司也倒了",F,1.0,2020-12-15T08:57:08.123Z,2020-12-15T08:57:08.123Z,hsinchu,https://www.dcard.tw/f/hsinchu/p/234977768,dcard,comment,巨城也是後來才發展的之前的百貨公司也倒了,"['巨城', '也', '是', '後來', '才', '發展', '的', '之前', '的', '百貨公司', '也', '倒', '了']","['巨城', '發展', '之前', '百貨公司', '倒']",[],positive
101,e13beef1-65d4-4a00-9be0-c7e77ca90c21,234977768,10,嗯啊，我是覺得習慣新竹的物價後去台北也不會覺得東西貴，去南部還會覺得東西便宜，也是不錯啦😂B9,M,2.0,2020-12-15T09:00:05.965Z,2020-12-15T09:00:05.965Z,hsinchu,https://www.dcard.tw/f/hsinchu/p/234977768,dcard,comment,嗯啊我是覺得習慣新竹的物價後去台北也不會覺得東西貴去南部還會覺得東西便宜也是不錯啦,"['嗯', '啊', '我', '是', '覺得', '習慣', '新竹', '的', '物價', '後', '去', '台北', '也', '不會', '覺得', '東西', '貴', '去', '南部', '還', '會', '覺得', '東西', '便宜', '也', '是', '不錯', '啦']","['覺得', '習慣', '新竹', '物價', '後', '台北', '覺得', '東西', '貴', '南部', '覺得', '東西', '便宜', '不錯']",[],negative
102,21a67626-b4ad-4247-9a37-99a0c9aa7852,234977768,11,"之前風城（巨城的前身）是動線規劃太差
常常不知道汽機車的入口在哪裡

然後燒烤吃到飽的店，跟賣衣服的店排在隔壁
規劃超怪

然後當時新竹的人潮幾乎都集中在中正台夜市
所以開一陣子就倒了😐",M,2.0,2020-12-15T11:37:47.932Z,2020-12-15T11:37:47.932Z,hsinchu,https://www.dcard.tw/f/hsinchu/p/234977768,dcard,comment,之前風城巨城的前身是動線規劃太差常常不知道汽機車的入口在哪裡然後燒烤吃到飽的店跟賣衣服的店排在隔壁規劃超怪然後當時新竹的人潮幾乎都集中在中正台夜市所以開一陣子就倒了,"['之前', '風城', '巨城', '的', '前身', '是', '動線', '規劃', '太', '差', '常常', '不', '知道', '汽機車', '的', '入口', '在', '哪裡', '然後', '燒烤', '吃到', '飽', '的', '店', '跟', '賣', '衣服', '的', '店', '排', '在', '隔壁', '規劃', '超怪', '然後', '當時', '新竹', '的', '人潮', '幾乎', '都', '集中', '在', '中正台', '夜市', '所以', '開', '一陣子', '就', '倒', '了']","['之前', '風城', '巨城', '前身', '動線', '規劃', '太', '差', '知道', '汽機車', '入口', '哪裡', '燒烤', '吃到', '店', '賣', '衣服', '店', '排', '隔壁', '規劃', '超怪', '當時', '新竹', '人潮', '集中', '中正台', '夜市', '開', '一陣子', '倒']",[],positive
103,9a86263f-6e6a-44d6-9d59-3ed3cee0f021,234977768,12,B3 竹北有大遠百？,M,0.0,2020-12-16T05:49:07.065Z,2020-12-16T05:49:07.065Z,hsinchu,https://www.dcard.tw/f/hsinchu/p/234977768,dcard,comment,竹北有大遠百,"['竹北', '有', '大', '遠', '百']","['竹北', '遠', '百']",[],neutral
104,d7c68dab-ac90-4fef-8064-cea032933940,234977768,13,"B12 有喔 光明六路 體育館那邊新建設的
明年7月開幕 到時候就有新聞了可以慢慢等
因為在我家附近我才比較早就知道了😂",F,1.0,2020-12-16T05:54:57.384Z,2020-12-16T05:54:57.384Z,hsinchu,https://www.dcard.tw/f/hsinchu/p/234977768,dcard,comment,有喔光明六路體育館那邊新建設的明年月開幕到時候就有新聞了可以慢慢等因為在我家附近我才比較早就知道了,"['有', '喔', '光明六路', '體育館', '那邊', '新', '建設', '的', '明年', '月', '開幕', '到時候', '就', '有', '新聞', '了', '可以', '慢慢', '等', '因為', '在', '我', '家', '附近', '我', '才', '比較', '早', '就', '知道', '了']","['光明六路', '體育館', '新', '建設', '明年', '月', '開幕', '到時候', '新聞', '慢慢', '家', '附近', '比較', '早', '知道']",[],positive
105,b46840f8-778b-4f8b-aab5-f0a2d8e36df7,234977768,14,,,,2020-12-16T23:25:32.609Z,2020-12-17T09:55:40.659Z,hsinchu,https://www.dcard.tw/f/hsinchu/p/234977768,dcard,comment,,,[],[],neutral
106,da5eb118-c4c6-4e56-b4c0-f8e72667a51b,234977768,15,"我倒覺得因為園區外來人口
破壞了原本新竹的純樸跟平靜
比方說交通擁擠
而且園區有些作業員工人素質蠻差的
包刮檳榔亂吐跟亂丟菸蒂",M,1.0,2020-12-20T11:01:25.218Z,2020-12-20T11:02:25.920Z,hsinchu,https://www.dcard.tw/f/hsinchu/p/234977768,dcard,comment,我倒覺得因為園區外來人口破壞了原本新竹的純樸跟平靜比方說交通擁擠而且園區有些作業員工人素質蠻差的包刮檳榔亂吐跟亂丟菸蒂,"['我', '倒', '覺得', '因為', '園區', '外來', '人口', '破壞', '了', '原本', '新竹', '的', '純樸', '跟', '平靜', '比方說', '交通', '擁擠', '而且', '園區', '有', '些', '作業員', '工人', '素質', '蠻', '差', '的', '包刮', '檳榔', '亂吐', '跟', '亂丟', '菸蒂']","['倒', '覺得', '園區', '外來', '人口', '破壞', '原本', '新竹', '純樸', '平靜', '比方說', '交通', '擁擠', '園區', '些', '作業員', '工人', '素質', '差', '包刮', '檳榔', '亂吐', '亂丟', '菸蒂']",[],negative
107,e3bfefed-1770-450e-ae59-ad8e49e329d1,234977768,16,"新豐連房子都沒有幾棟
食物也不比台北低多少",M,0.0,2020-12-21T05:15:10.771Z,2020-12-21T05:15:10.771Z,hsinchu,https://www.dcard.tw/f/hsinchu/p/234977768,dcard,comment,新豐連房子都沒有幾棟食物也不比台北低多少,"['新豐', '連', '房子', '都', '沒有', '幾', '棟', '食物', '也', '不比', '台北', '低', '多少']","['新豐', '房子', '棟', '食物', '台北', '低']",[],negative
108,5aa7178f-1a79-45bc-a3c0-8470d8101969,234977768,17,幹 真的 物價真的很哭,M,0.0,2020-12-24T03:47:43.845Z,2020-12-24T03:47:43.845Z,hsinchu,https://www.dcard.tw/f/hsinchu/p/234977768,dcard,comment,幹真的物價真的很哭,"['幹', '真的', '物價', '真的', '很', '哭']","['幹', '真的', '物價', '真的', '哭']",[],neutral
109,580489c6-8b55-4661-a4ac-7df0a0b4efca,234977768,18,"主要我覺得馬路太小，一下雨大家都開車，就塞住了。
一堆沒品的不會開的，超容易車禍。
維修挖路也是，挖了又不補平。

我以前很天真以為新竹人都沒品，成年後很想離開，
結果長大後，發現住在新竹大部分都是外地人，
所以說新竹都被外地敗壞的😂😂😂

btw，園區外的光復路快變飲料街了，從去年到現在開了超多",F,0.0,2020-12-24T15:11:41.288Z,2020-12-24T15:12:20.117Z,hsinchu,https://www.dcard.tw/f/hsinchu/p/234977768,dcard,comment,主要我覺得馬路太小一下雨大家都開車就塞住了一堆沒品的不會開的超容易車禍維修挖路也是挖了又不補平我以前很天真以為新竹人都沒品成年後很想離開結果長大後發現住在新竹大部分都是外地人所以說新竹都被外地敗壞的園區外的光復路快變飲料街了從去年到現在開了超多,"['主要', '我', '覺得', '馬路', '太', '小', '一', '下雨', '大家', '都', '開車', '就', '塞住', '了', '一', '堆', '沒', '品', '的', '不會', '開', '的', '超', '容易', '車禍', '維修', '挖', '路', '也', '是', '挖', '了', '又', '不', '補', '平', '我', '以前', '很', '天真', '以為', '新竹人', '都', '沒', '品', '成年', '後', '很', '想', '離開', '結果', '長大', '後', '發現', '住在', '新竹', '大部分', '都', '是', '外地人', '所以', '說', '新竹都', '被', '外地', '敗壞', '的', '園區', '外', '的', '光復路', '快', '變', '飲料街', '了', '從', '去年', '到', '現在', '開', '了', '超', '多']","['主要', '覺得', '馬路', '太', '小', '下雨', '開車', '塞住', '堆', '品', '開', '超', '容易', '車禍', '維修', '挖', '路', '挖', '補', '平', '以前', '天真', '以為', '新竹人', '品', '後', '想', '離開', '長大', '後', '發現', '住在', '新竹', '大部分', '外地人', '說', '新竹都', '外地', '敗壞', '園區', '外', '光復路', '變', '飲料街', '去年', '現在', '開', '超']",[],negative
110,954cd9a0-a451-453a-852a-41219e184e95,234977768,19,"超衰小的啊
物價被拉抬成這樣
結果錢都進中央
整個個新竹可以說是沒有在發展吧",M,1.0,2020-12-24T22:18:53.843Z,2020-12-24T22:18:53.843Z,hsinchu,https://www.dcard.tw/f/hsinchu/p/234977768,dcard,comment,超衰小的啊物價被拉抬成這樣結果錢都進中央整個個新竹可以說是沒有在發展吧,"['超衰', '小', '的', '啊', '物價', '被', '拉抬', '成', '這樣', '結果', '錢都進', '中央', '整', '個個', '新竹', '可以', '說', '是', '沒有', '在', '發展', '吧']","['超衰', '小', '物價', '拉抬', '成', '錢都進', '中央', '整', '個個', '新竹', '說', '發展']",[],negative
111,606a1293-b7e9-4ad0-b488-bb474241a1c1,234977768,20,"其實我反而覺得新竹有園區是幸福的事情，至少變成一個人口移入地，工作機會多起來，之後帶動整個商圈發展。

至於房價很貴造成自己負債很辛苦，我覺得就是有多少錢做多少事情，確實現在高房價造成很多年輕人的困擾，買房也是自己的選擇，在買房前就該清楚買了之後自己會過上什麼樣的生活，全台灣房地產貴的嚇人的地方不是只有新竹，雖然竹北的房價已經亂七八糟，但那些都是建商跟政商搞出來的，看著竹科工程師薪資高，就趁勢從他們口袋多撈一點，可憐的還是竹科工程師。

物價很貴，跟台北比又覺得還好，雖然很多東西價格都差不多，但份量不一樣，很多東西也不用搶得這麼辛苦。

如果新竹沒有科學園區的話，其實滿可憐的，土地不夠肥沃，東北季風強到嚇死人，交通方面，也沒什麼地理優勢，可能新竹的經濟發展會跟苗栗差不多。

所以單純來看是滿正向看待這件事情。",M,1.0,2020-12-27T06:01:35.095Z,2020-12-27T06:01:50.744Z,hsinchu,https://www.dcard.tw/f/hsinchu/p/234977768,dcard,comment,其實我反而覺得新竹有園區是幸福的事情至少變成一個人口移入地工作機會多起來之後帶動整個商圈發展至於房價很貴造成自己負債很辛苦我覺得就是有多少錢做多少事情確實現在高房價造成很多年輕人的困擾買房也是自己的選擇在買房前就該清楚買了之後自己會過上什麼樣的生活全台灣房地產貴的嚇人的地方不是只有新竹雖然竹北的房價已經亂七八糟但那些都是建商跟政商搞出來的看著竹科工程師薪資高就趁勢從他們口袋多撈一點可憐的還是竹科工程師物價很貴跟台北比又覺得還好雖然很多東西價格都差不多但份量不一樣很多東西也不用搶得這麼辛苦如果新竹沒有科學園區的話其實滿可憐的土地不夠肥沃東北季風強到嚇死人交通方面也沒什麼地理優勢可能新竹的經濟發展會跟苗栗差不多所以單純來看是滿正向看待這件事情,"['其實', '我', '反而', '覺得', '新竹', '有', '園區', '是', '幸福', '的', '事情', '至少', '變成', '一', '個', '人口', '移入', '地', '工作', '機會', '多起來', '之後', '帶動', '整個', '商圈', '發展', '至於', '房價', '很', '貴', '造成', '自己', '負債', '很', '辛苦', '我', '覺得', '就是', '有', '多少', '錢', '做', '多少', '事情', '確實', '現在', '高', '房價', '造成', '很多', '年輕人', '的', '困擾', '買房', '也', '是', '自己', '的', '選擇', '在', '買房', '前', '就', '該', '清楚', '買', '了', '之後', '自己', '會', '過上', '什麼', '樣', '的', '生活', '全', '台灣', '房地產', '貴', '的', '嚇人', '的', '地方', '不', '是', '只有', '新竹', '雖然', '竹北', '的', '房價', '已經', '亂七八糟', '但', '那些', '都', '是', '建商', '跟', '政商', '搞出', '來', '的', '看', '著', '竹科', '工程師', '薪資', '高就', '趁勢', '從', '他們', '口袋', '多', '撈', '一點', '可憐', '的', '還是', '竹科', '工程師', '物價', '很', '貴', '跟', '台北', '比', '又', '覺得', '還好', '雖然', '很多', '東西', '價格', '都', '差不多', '但', '份量', '不', '一樣', '很多', '東西', '也', '不用', '搶得', '這麼', '辛苦', '如果', '新竹', '沒有', '科學園區', '的', '話', '其實', '滿', '可憐', '的', '土地', '不', '夠', '肥沃', '東北', '季風', '強到', '嚇死', '人', '交通', '方面', '也', '沒', '什麼', '地理', '優勢', '可能', '新竹', '的', '經濟', '發展', '會', '跟', '苗栗', '差不多', '所以', '單純', '來', '看', '是', '滿', '正向', '看待', '這', '件', '事情']","['覺得', '新竹', '園區', '幸福', '事情', '至少', '變成', '人口', '移入', '工作', '機會', '多起來', '之後', '帶動', '整個', '商圈', '發展', '房價', '貴', '造成', '負債', '辛苦', '覺得', '錢', '做', '事情', '確實', '現在', '高', '房價', '造成', '年輕人', '困擾', '買房', '選擇', '買房', '前', '清楚', '買', '之後', '過上', '樣', '生活', '全', '台灣', '房地產', '貴', '嚇人', '地方', '新竹', '竹北', '房價', '已經', '亂七八糟', '建商', '政商', '搞出', '竹科', '工程師', '薪資', '高就', '口袋', '撈', '一點', '可憐', '竹科', '工程師', '物價', '貴', '台北', '覺得', '還好', '東西', '價格', '份量', '東西', '不用', '搶得', '辛苦', '新竹', '科學園區', '話', '可憐', '土地', '夠', '肥沃', '東北', '季風', '強到', '嚇死', '人', '交通', '方面', '地理', '優勢', '新竹', '經濟', '發展', '苗栗', '正向', '看待', '件', '事情']","['新竹', '覺得', '事情']",positive
112,7c75b7b7-8dfe-4231-ba26-0410e0f2aca4,234977768,21,B20 那本地人還真倒楣，沒有在園區上班，又要承受高物價,M,0.0,2020-12-27T06:03:02.581Z,2020-12-27T06:03:02.581Z,hsinchu,https://www.dcard.tw/f/hsinchu/p/234977768,dcard,comment,那本地人還真倒楣沒有在園區上班又要承受高物價,"['那', '本地人', '還', '真', '倒楣', '沒有', '在', '園區', '上班', '又', '要', '承受', '高物價']","['本地人', '真', '倒楣', '園區', '上班', '承受', '高物價']",[],negative
113,4e78a1ab-3f37-4c8e-ab30-5cbe554cae6c,234977768,22,"B21 其實真的就是那樣。
題外話，原po是專職的攝影師嗎？",M,0.0,2020-12-27T06:15:28.943Z,2020-12-27T06:15:28.943Z,hsinchu,https://www.dcard.tw/f/hsinchu/p/234977768,dcard,comment,其實真的就是那樣題外話原是專職的攝影師嗎,"['其實', '真的', '就是', '那樣', '題外話', '原是', '專職', '的', '攝影師', '嗎']","['真的', '題外話', '原是', '專職', '攝影師']",[],neutral
114,63d7b932-a617-4ee7-b2a5-053a94939a24,234963451,1,"我從台北來新竹唸書 住這4年了
其實～可能因為大多數有話題的都在新竹市吧😅
像是巨城、竹科、南寮、鴨肉飯、清大、交大

竹縣的話～其實竹北很多美食
北埔有冷泉跟營火蟲🐛 超美✨
內灣老街適合家人一起走走",M,7.0,2020-12-11T13:49:39.892Z,2020-12-11T13:49:39.892Z,hsinchu,https://www.dcard.tw/f/hsinchu/p/234963451,dcard,comment,我從台北來新竹唸書住這年了其實可能因為大多數有話題的都在新竹市吧像是巨城竹科南寮鴨肉飯清大交大竹縣的話其實竹北很多美食北埔有冷泉跟營火蟲超美內灣老街適合家人一起走走,"['我', '從', '台北', '來', '新竹', '唸書', '住', '這', '年', '了', '其實', '可能', '因為', '大多數', '有', '話題', '的', '都', '在', '新竹市', '吧', '像是', '巨城竹科', '南寮', '鴨肉飯', '清大', '交大', '竹縣', '的', '話', '其實', '竹北', '很多', '美食', '北埔', '有', '冷泉', '跟', '營火', '蟲超美', '內灣', '老街', '適合', '家人', '一起', '走走']","['台北', '新竹', '唸書', '住', '年', '大多數', '話題', '新竹市', '像是', '巨城竹科', '南寮', '鴨肉飯', '清大', '交大', '竹縣', '話', '竹北', '美食', '北埔', '冷泉', '營火', '蟲超美', '內灣', '老街', '適合', '家人', '一起', '走走']",[],positive
115,c38c76fc-f52a-4625-82a5-0030a1cf956b,234963451,2,"B1 真的～話題都在新竹市居多
很少人討論新竹縣 。原來北埔有冷泉！！
謝謝你的留言😆",M,1.0,2020-12-11T13:56:12.083Z,2020-12-11T13:56:12.083Z,hsinchu,https://www.dcard.tw/f/hsinchu/p/234963451,dcard,comment,真的話題都在新竹市居多很少人討論新竹縣原來北埔有冷泉謝謝你的留言,"['真的', '話題', '都', '在', '新竹市', '居多', '很少', '人', '討論', '新竹縣', '原來', '北埔', '有', '冷泉', '謝謝', '你', '的', '留言']","['真的', '話題', '新竹市', '居多', '人', '討論', '新竹縣', '原來', '北埔', '冷泉', '謝謝', '留言']",[],positive
116,73e22858-6fd7-4f3e-a51f-435672789806,234963451,3,"六福村 司馬庫斯 綠世界 北埔冷泉 內灣
大概這些吧 小時候常去 其實景點滿多的 外地人幾乎都只知道六福村跟內灣",M,4.0,2020-12-12T01:57:28.391Z,2020-12-12T01:58:46.768Z,hsinchu,https://www.dcard.tw/f/hsinchu/p/234963451,dcard,comment,六福村司馬庫斯綠世界北埔冷泉內灣大概這些吧小時候常去其實景點滿多的外地人幾乎都只知道六福村跟內灣,"['六福村', '司馬庫斯', '綠', '世界', '北埔', '冷泉', '內灣', '大概', '這些', '吧', '小時候', '常', '去', '其實', '景點', '滿多', '的', '外地人', '幾乎', '都', '只', '知道', '六福村', '跟', '內灣']","['六福村', '司馬庫斯', '綠', '世界', '北埔', '冷泉', '內灣', '小時候', '景點', '滿多', '外地人', '只', '知道', '六福村', '內灣']",[],positive
117,6ed47f4e-b8f5-4256-a7c6-045d397d164f,234963451,4,"謝謝樓主🙏🙏🙏
其實我是 B1 😅😅😅",M,1.0,2020-12-12T02:13:47.093Z,2020-12-12T02:13:47.093Z,hsinchu,https://www.dcard.tw/f/hsinchu/p/234963451,dcard,comment,謝謝樓主其實我是,"['謝謝', '樓主', '其實', '我', '是']","['謝謝', '樓主']",[],positive
118,a963143a-6157-4579-8824-6217945b6e17,234963451,5,"B3 我查詢了網路，原來綠世界是休閒農場
附近還有北埔老街和冷泉，這些我還真的沒聽過😅
原來新竹縣有這麼多隱藏景點！！
南部人如我真的只聽過六福村和內灣😂
謝謝你的回應～
更：北埔冷泉實際上離北埔市區還有點距離唷～
       怕有人誤會，在此加以備註。",M,0.0,2020-12-12T03:58:52.781Z,2020-12-12T04:10:20.328Z,hsinchu,https://www.dcard.tw/f/hsinchu/p/234963451,dcard,comment,我查詢了網路原來綠世界是休閒農場附近還有北埔老街和冷泉這些我還真的沒聽過原來新竹縣有這麼多隱藏景點南部人如我真的只聽過六福村和內灣謝謝你的回應更北埔冷泉實際上離北埔市區還有點距離唷怕有人誤會在此加以備註,"['我', '查詢', '了', '網路', '原來', '綠', '世界', '是', '休閒', '農場', '附近', '還', '有', '北埔', '老街', '和', '冷泉', '這些', '我', '還', '真的', '沒', '聽', '過', '原來', '新竹縣', '有', '這麼多', '隱藏', '景點', '南部人', '如', '我', '真的', '只', '聽', '過', '六福村', '和', '內灣', '謝謝', '你', '的', '回應', '更', '北埔', '冷泉', '實際', '上', '離', '北埔', '市區', '還', '有點', '距離', '唷', '怕', '有', '人', '誤會', '在', '此', '加以', '備註']","['查詢', '網路', '原來', '綠', '世界', '休閒', '農場', '附近', '北埔', '老街', '冷泉', '真的', '聽', '原來', '新竹縣', '這麼多', '隱藏', '景點', '南部人', '真的', '只', '聽', '六福村', '內灣', '謝謝', '回應', '北埔', '冷泉', '實際', '北埔', '市區', '有點', '距離', '唷', '人', '誤會', '備註']",[],negative
119,e570ba2d-6b07-4c93-af72-282ca8e9d219,234963451,6,"B4 原來是版主呀～😆
恭喜版主的新竹版成功開版🎉
在此祝新竹版留言風氣和平順心～",M,0.0,2020-12-12T04:03:38.288Z,2020-12-12T04:03:38.288Z,hsinchu,https://www.dcard.tw/f/hsinchu/p/234963451,dcard,comment,原來是版主呀恭喜版主的新竹版成功開版在此祝新竹版留言風氣和平順心,"['原來', '是', '版主', '呀', '恭喜', '版主', '的', '新竹版', '成功', '開版', '在', '此', '祝', '新竹版', '留言', '風氣', '和平', '順心']","['原來', '版主', '恭喜', '版主', '新竹版', '成功', '開版', '祝', '新竹版', '留言', '風氣', '和平', '順心']",[],positive
120,a097a752-98fa-4673-81e5-abe1b6a76a7e,234963451,7,,,,2020-12-12T04:07:29.733Z,2020-12-12T04:07:44.002Z,hsinchu,https://www.dcard.tw/f/hsinchu/p/234963451,dcard,comment,,,[],[],neutral
121,a86ce2d1-0397-46e2-ae29-be94f1e3a957,234963451,8,"B6 謝謝你😊
也歡迎持續關注新竹版呦
日後會持續分享更多新竹的美食景點讓大家更加認識新竹💪💪💪",M,1.0,2020-12-12T04:07:54.057Z,2020-12-12T04:07:54.057Z,hsinchu,https://www.dcard.tw/f/hsinchu/p/234963451,dcard,comment,謝謝你也歡迎持續關注新竹版呦日後會持續分享更多新竹的美食景點讓大家更加認識新竹,"['謝謝', '你', '也', '歡迎', '持續', '關注', '新竹', '版呦', '日後', '會', '持續', '分享', '更多', '新竹', '的', '美食', '景點', '讓', '大家', '更加', '認識', '新竹']","['謝謝', '歡迎', '持續', '關注', '新竹', '版呦', '日後', '持續', '分享', '更多', '新竹', '美食', '景點', '認識', '新竹']",[],positive
122,5970c4be-84c5-4075-ab09-671bb75550bb,234963451,9,B8 版主加油💪💪,M,0.0,2020-12-12T04:11:54.440Z,2020-12-12T04:11:54.440Z,hsinchu,https://www.dcard.tw/f/hsinchu/p/234963451,dcard,comment,版主加油,"['版主', '加油']","['版主', '加油']",[],neutral
123,300f1a28-54b5-4ed9-bc70-ea9aa21f1b51,234963451,10,"真的超多人覺得新竹縣沒什麼好玩欸😂
身為一直在新竹的新竹人要來分享一些好了

📍竹北：
超多超飽早午餐、網美下午茶、悠閒咖啡廳、
光明一路、新瓦屋、厚食聚落、新月沙灘、
不然就去按摩？！
📍北埔：
老街、冷泉、落羽松、麥克田園、柿餅（筆柿超好吃👌）、森窯 have a picnic 、SRC印象咖啡民宿、麻布森林、水簾大瀑布、綠世界
📍芎林：
飛鳳山爬山、鹿寮坑、螢火蟲、綠色小徑
📍湖口：
老街、看夜景居多、夏季三角、summer life(超多貓）、山丘上
📍新豐：
chez moi 88-2（超可愛的歐式小屋）、
紅樹林、打保齡球、老皮牛肉麵
📍關西：
馬武督探索森林（超好爬也很好拍）、六福村、台灣花鳥園、大樂之野、佛陀世界 （就城堡）、東安古橋、
📍尖石五峰橫山：
魔法女屋、六號花園、吊橋、好客好品希望工場（裡面有個虎帽金工工作室超多人去做銀飾）、大山背、合興車站、山上人家、內灣老街、司馬庫斯
📍新埔：
柿餅、板條、雲夢山丘、福祥仙人掌與多肉植物園、黛安莊園、

峨眉就不是很熟，但峨眉湖？！
（請峨眉人補充😂

因為新竹縣大多都要開車，
不然就騎車才比較方便🤔",F,13.0,2020-12-12T06:18:08.986Z,2020-12-12T06:18:08.986Z,hsinchu,https://www.dcard.tw/f/hsinchu/p/234963451,dcard,comment,真的超多人覺得新竹縣沒什麼好玩欸身為一直在新竹的新竹人要來分享一些好了竹北超多超飽早午餐網美下午茶悠閒咖啡廳光明一路新瓦屋厚食聚落新月沙灘不然就去按摩北埔老街冷泉落羽松麥克田園柿餅筆柿超好吃森窯印象咖啡民宿麻布森林水簾大瀑布綠世界芎林飛鳳山爬山鹿寮坑螢火蟲綠色小徑湖口老街看夜景居多夏季三角超多貓山丘上新豐超可愛的歐式小屋紅樹林打保齡球老皮牛肉麵關西馬武督探索森林超好爬也很好拍六福村台灣花鳥園大樂之野佛陀世界就城堡東安古橋尖石五峰橫山魔法女屋六號花園吊橋好客好品希望工場裡面有個虎帽金工工作室超多人去做銀飾大山背合興車站山上人家內灣老街司馬庫斯新埔柿餅板條雲夢山丘福祥仙人掌與多肉植物園黛安莊園峨眉就不是很熟但峨眉湖請峨眉人補充因為新竹縣大多都要開車不然就騎車才比較方便,"['真的', '超多', '人', '覺得', '新竹縣', '沒', '什麼', '好玩', '欸', '身為', '一直', '在', '新竹', '的', '新竹人', '要', '來', '分享', '一些', '好了', '竹北', '超多', '超飽', '早', '午餐', '網美', '下午茶', '悠閒', '咖啡廳', '光明一路', '新', '瓦屋', '厚食', '聚落', '新月', '沙灘', '不然', '就', '去', '按摩', '北埔', '老街', '冷泉', '落羽松', '麥克', '田園', '柿餅', '筆', '柿超', '好吃', '森', '窯', '印象', '咖啡', '民宿', '麻布', '森林', '水簾', '大', '瀑布', '綠', '世界', '芎林', '飛鳳山', '爬山', '鹿寮坑', '螢火蟲', '綠色', '小徑', '湖口', '老街', '看', '夜景', '居多', '夏季', '三角', '超多', '貓', '山丘', '上', '新豐', '超', '可愛', '的', '歐式', '小屋', '紅樹林', '打', '保齡球', '老皮', '牛肉麵', '關西', '馬武督', '探索', '森林', '超', '好', '爬', '也', '很', '好', '拍', '六福村', '台灣', '花鳥', '園大樂', '之', '野', '佛陀', '世界', '就', '城堡', '東安', '古橋', '尖石', '五峰', '橫山', '魔法', '女屋', '六號', '花園', '吊橋', '好客', '好品', '希望', '工場', '裡面', '有', '個', '虎帽', '金工', '工作室', '超多', '人', '去', '做', '銀飾', '大山背', '合興', '車站山', '上', '人家', '內灣', '老街', '司馬庫斯', '新埔', '柿餅', '板條', '雲夢', '山丘', '福祥', '仙人掌', '與', '多肉', '植物園', '黛安', '莊園', '峨眉', '就', '不', '是', '很', '熟', '但', '峨眉湖', '請', '峨眉人', '補充', '因為', '新竹縣', '大多', '都', '要', '開車', '不然', '就', '騎車', '才', '比較', '方便']","['真的', '超多', '人', '覺得', '新竹縣', '好玩', '欸', '身為', '一直', '新竹', '新竹人', '分享', '一些', '好了', '竹北', '超多', '超飽', '早', '午餐', '網美', '下午茶', '悠閒', '咖啡廳', '光明一路', '新', '瓦屋', '厚食', '聚落', '新月', '沙灘', '按摩', '北埔', '老街', '冷泉', '落羽松', '麥克', '田園', '柿餅', '筆', '柿超', '好吃', '森', '窯', '印象', '咖啡', '民宿', '麻布', '森林', '水簾', '瀑布', '綠', '世界', '芎林', '飛鳳山', '爬山', '鹿寮坑', '螢火蟲', '綠色', '小徑', '湖口', '老街', '夜景', '居多', '夏季', '三角', '超多', '貓', '山丘', '新豐', '超', '可愛', '歐式', '小屋', '紅樹林', '保齡球', '老皮', '牛肉麵', '關西', '馬武督', '探索', '森林', '超', '好', '爬', '好', '拍', '六福村', '台灣', '花鳥', '園大樂', '野', '佛陀', '世界', '城堡', '東安', '古橋', '尖石', '五峰', '橫山', '魔法', '女屋', '六號', '花園', '吊橋', '好客', '好品', '希望', '工場', '裡面', '虎帽', '金工', '工作室', '超多', '人', '做', '銀飾', '大山背', '合興', '車站山', '內灣', '老街', '司馬庫斯', '新埔', '柿餅', '板條', '雲夢', '山丘', '福祥', '仙人掌', '多肉', '植物園', '黛安', '莊園', '峨眉', '熟', '峨眉湖', '請', '峨眉人', '補充', '新竹縣', '開車', '騎車', '比較', '方便']","['超多', '老街', '人']",positive
124,065ecdaa-6811-46ee-b1e7-fded2a9970d4,234963451,11,"B10 好...好詳細😆
第一次這麼詳細認識新竹縣
謝謝同學的回應~~
新竹縣棒棒👍👍",M,0.0,2020-12-12T06:39:44.287Z,2020-12-12T06:39:44.287Z,hsinchu,https://www.dcard.tw/f/hsinchu/p/234963451,dcard,comment,好好詳細第一次這麼詳細認識新竹縣謝謝同學的回應新竹縣棒棒,"['好好', '詳細', '第一', '次', '這麼', '詳細', '認識', '新竹縣', '謝謝', '同學', '的', '回應', '新竹縣', '棒棒']","['好好', '詳細', '第一', '次', '詳細', '認識', '新竹縣', '謝謝', '同學', '回應', '新竹縣', '棒棒']",[],positive
125,66d8ffaf-0e3d-4498-b369-35d3421a28f3,234963451,12,"B10 很專業耶
真的更認識新竹了👍👍👍",M,0.0,2020-12-12T09:15:35.897Z,2020-12-12T09:15:35.897Z,hsinchu,https://www.dcard.tw/f/hsinchu/p/234963451,dcard,comment,很專業耶真的更認識新竹了,"['很', '專業', '耶', '真的', '更', '認識', '新竹', '了']","['專業', '耶', '真的', '認識', '新竹']",[],neutral
126,ec40a7f3-4f2a-4ff8-8821-f4d2d2e29190,234963451,13,B10 有芎林就按愛心,F,0.0,2020-12-14T13:18:00.148Z,2020-12-14T13:18:00.148Z,hsinchu,https://www.dcard.tw/f/hsinchu/p/234963451,dcard,comment,有芎林就按愛心,"['有', '芎林', '就', '按', '愛心']","['芎林', '愛心']",[],positive
127,6de5ab04-0dca-4bd9-bb42-4cf4c14c1c61,234963451,14,峨眉湖 天恩彌勒佛院 十二寮,M,0.0,2020-12-15T04:51:34.630Z,2020-12-15T04:51:34.630Z,hsinchu,https://www.dcard.tw/f/hsinchu/p/234963451,dcard,comment,峨眉湖天恩彌勒佛院十二寮,"['峨眉', '湖天恩', '彌勒佛院', '十二', '寮']","['峨眉', '湖天恩', '彌勒佛院', '十二', '寮']",[],neutral
128,6be9f550-bbd9-45ad-b71c-59bceb85af12,234963451,15,B0 縣長都跑去國外考察唷😏😏,M,0.0,2020-12-19T13:27:30.073Z,2020-12-19T13:27:30.073Z,hsinchu,https://www.dcard.tw/f/hsinchu/p/234963451,dcard,comment,縣長都跑去國外考察唷,"['縣長', '都', '跑去', '國外', '考察', '唷']","['縣長', '跑去', '國外', '考察', '唷']",[],neutral
129,41f9469b-0fc7-4b2d-9d51-d57275f77800,234963451,16,b10剛搬來新竹的高雄人感謝妳😆這樣又有好多地方可以跑了,F,1.0,2020-12-21T20:40:27.500Z,2020-12-21T20:40:27.500Z,hsinchu,https://www.dcard.tw/f/hsinchu/p/234963451,dcard,comment,剛搬來新竹的高雄人感謝妳這樣又有好多地方可以跑了,"['剛', '搬來', '新竹', '的', '高雄人', '感謝', '妳', '這樣', '又', '有', '好多', '地方', '可以', '跑', '了']","['搬來', '新竹', '高雄人', '感謝', '妳', '好多', '地方', '跑']",[],positive
130,1864380b-072c-428e-9b94-6154c84e2090,234963451,17,"新月沙灣，新瓦屋
可以爬獅頭山
司馬庫斯看日出
天冷了，來去原鄉泡溫泉",M,0.0,2020-12-23T12:56:45.841Z,2020-12-23T12:56:45.841Z,hsinchu,https://www.dcard.tw/f/hsinchu/p/234963451,dcard,comment,新月沙灣新瓦屋可以爬獅頭山司馬庫斯看日出天冷了來去原鄉泡溫泉,"['新月', '沙灣新', '瓦屋', '可以', '爬', '獅頭山', '司馬庫斯', '看', '日出', '天', '冷', '了', '來去', '原', '鄉', '泡', '溫泉']","['新月', '沙灣新', '瓦屋', '爬', '獅頭山', '司馬庫斯', '日出', '天', '冷', '來去', '原', '鄉', '泡', '溫泉']",[],neutral
131,12d82532-7a70-4733-a65c-509eaf184032,234963451,18,我住新豐跟你揮揮手🙋‍♂️,M,0.0,2020-12-23T16:21:56.694Z,2020-12-23T16:21:56.694Z,hsinchu,https://www.dcard.tw/f/hsinchu/p/234963451,dcard,comment,我住新豐跟你揮揮手,"['我', '住', '新豐', '跟', '你', '揮揮手']","['住', '新豐', '揮揮手']",[],neutral
132,0dda5a5a-720a-4dc5-8bc1-ce6122ba4c42,234961494,1,好,M,0.0,2020-12-23T12:51:22.762Z,2020-12-23T12:51:22.762Z,hsinchu,https://www.dcard.tw/f/hsinchu/p/234961494,dcard,comment,好,好,['好'],[],neutral
